timestamp,target,hop,ip,avg_rtt
2025-11-27 01:18:30,8.8.8.8,1,192.168.68.1,126.67
2025-11-27 01:18:33,8.8.8.8,2,192.168.1.1,142.19
2025-11-27 01:18:59,8.8.8.8,5,176.52.253.97,63.59
2025-11-27 01:19:13,8.8.8.8,7,108.170.225.251,59.30
2025-11-27 01:19:15,8.8.8.8,8,142.250.46.165,50.25
2025-11-27 01:19:17,8.8.8.8,9,8.8.8.8,71.59
2025-11-27 01:24:19,8.8.8.8,1,192.168.68.1,57.41
2025-11-27 01:24:21,8.8.8.8,2,192.168.1.1,53.80
2025-11-27 01:24:47,8.8.8.8,5,176.52.253.97,109.08
2025-11-27 01:25:01,8.8.8.8,7,108.170.225.251,39.63
2025-11-27 01:25:03,8.8.8.8,8,142.250.46.165,47.67
2025-11-27 01:25:06,8.8.8.8,9,8.8.8.8,75.16
2025-11-27 01:30:08,8.8.8.8,1,192.168.68.1,43.20
2025-11-27 01:30:10,8.8.8.8,2,192.168.1.1,42.34
2025-11-27 01:30:36,8.8.8.8,5,176.52.253.97,60.51
2025-11-27 01:30:50,8.8.8.8,7,108.170.225.251,120.73
2025-11-27 01:30:52,8.8.8.8,8,142.250.46.165,45.25
2025-11-27 01:30:54,8.8.8.8,9,8.8.8.8,73.06
2025-11-27 01:35:56,8.8.8.8,1,192.168.68.1,45.96
2025-11-27 01:35:58,8.8.8.8,2,192.168.1.1,48.51
2025-11-27 01:36:24,8.8.8.8,5,176.52.253.97,63.92
2025-11-27 01:36:39,8.8.8.8,7,108.170.225.251,57.77
2025-11-27 01:36:41,8.8.8.8,8,142.250.46.165,88.39
2025-11-27 01:36:43,8.8.8.8,9,8.8.8.8,75.22
2025-11-27 01:41:45,8.8.8.8,1,192.168.68.1,43.02
2025-11-27 01:41:47,8.8.8.8,2,192.168.1.1,49.42
2025-11-27 01:42:13,8.8.8.8,5,176.52.253.97,39.67
2025-11-27 01:42:27,8.8.8.8,7,108.170.225.251,32.28
2025-11-27 01:42:29,8.8.8.8,8,142.250.46.165,28.24
2025-11-27 01:42:31,8.8.8.8,9,8.8.8.8,57.48
2025-11-27 01:47:33,8.8.8.8,1,192.168.68.1,19.86
2025-11-27 01:47:35,8.8.8.8,2,192.168.1.1,30.07
2025-11-27 01:48:02,8.8.8.8,5,176.52.253.97,14.88
2025-11-27 01:48:16,8.8.8.8,7,108.170.225.251,51.07
2025-11-27 01:48:18,8.8.8.8,8,142.250.46.165,14.74
2025-11-27 01:48:20,8.8.8.8,9,8.8.8.8,13.25
2025-11-27 01:53:22,8.8.8.8,1,192.168.68.1,4.47
2025-11-27 01:53:24,8.8.8.8,2,192.168.1.1,21.79
2025-11-27 01:53:50,8.8.8.8,5,176.52.253.97,51.62
2025-11-27 01:54:04,8.8.8.8,7,108.170.225.251,15.01
2025-11-27 01:54:06,8.8.8.8,8,142.250.46.165,16.89
2025-11-27 01:54:08,8.8.8.8,9,8.8.8.8,13.60
2025-11-27 01:59:10,8.8.8.8,1,192.168.68.1,4.61
2025-11-27 01:59:12,8.8.8.8,2,192.168.1.1,4.54
2025-11-27 01:59:38,8.8.8.8,5,176.52.253.97,15.36
2025-11-27 01:59:52,8.8.8.8,7,108.170.225.251,15.40
2025-11-27 01:59:54,8.8.8.8,8,142.250.46.165,16.73
2025-11-27 01:59:56,8.8.8.8,9,8.8.8.8,32.52
2025-11-27 02:04:58,8.8.8.8,1,192.168.68.1,4.70
2025-11-27 02:05:00,8.8.8.8,2,192.168.1.1,3.42
2025-11-27 02:05:27,8.8.8.8,5,176.52.253.97,16.55
2025-11-27 02:05:41,8.8.8.8,7,108.170.225.251,15.27
2025-11-27 02:05:43,8.8.8.8,8,142.250.46.165,15.43
2025-11-27 02:05:45,8.8.8.8,9,8.8.8.8,15.84
2025-11-27 02:10:47,8.8.8.8,1,192.168.68.1,5.33
2025-11-27 02:10:49,8.8.8.8,2,192.168.1.1,74.64
2025-11-27 02:11:15,8.8.8.8,5,176.52.253.97,14.27
2025-11-27 02:11:29,8.8.8.8,7,108.170.225.251,15.58
2025-11-27 02:11:31,8.8.8.8,8,142.250.46.165,15.80
2025-11-27 02:11:33,8.8.8.8,9,8.8.8.8,13.77
2025-11-27 02:16:35,8.8.8.8,1,192.168.68.1,4.36
2025-11-27 02:16:37,8.8.8.8,2,192.168.1.1,3.69
2025-11-27 02:17:03,8.8.8.8,5,176.52.253.97,16.68
2025-11-27 02:17:17,8.8.8.8,7,108.170.225.251,27.60
2025-11-27 02:17:19,8.8.8.8,8,142.250.46.165,17.30
2025-11-27 02:17:21,8.8.8.8,9,8.8.8.8,12.96
2025-11-27 02:22:23,8.8.8.8,1,192.168.68.1,3.00
2025-11-27 02:22:25,8.8.8.8,2,192.168.1.1,5.75
2025-11-27 02:22:52,8.8.8.8,5,176.52.253.97,14.01
2025-11-27 02:23:06,8.8.8.8,7,108.170.225.251,15.75
2025-11-27 02:23:08,8.8.8.8,8,142.250.46.165,15.05
2025-11-27 02:23:10,8.8.8.8,9,8.8.8.8,14.03
2025-11-27 02:28:12,8.8.8.8,1,192.168.68.1,4.30
2025-11-27 02:28:14,8.8.8.8,2,192.168.1.1,4.54
2025-11-27 02:28:40,8.8.8.8,5,176.52.253.97,17.17
2025-11-27 02:28:54,8.8.8.8,7,108.170.225.251,13.74
2025-11-27 02:28:56,8.8.8.8,8,142.250.46.165,21.34
2025-11-27 02:28:58,8.8.8.8,9,8.8.8.8,12.68
2025-11-27 02:34:00,8.8.8.8,1,192.168.68.1,4.55
2025-11-27 02:34:02,8.8.8.8,2,192.168.1.1,3.65
2025-11-27 02:34:28,8.8.8.8,5,176.52.253.97,13.47
2025-11-27 02:34:42,8.8.8.8,7,108.170.225.251,14.34
2025-11-27 02:34:44,8.8.8.8,8,142.250.46.165,15.97
2025-11-27 02:34:46,8.8.8.8,9,8.8.8.8,38.31
2025-11-27 02:39:49,8.8.8.8,1,192.168.68.1,5.66
2025-11-27 02:39:51,8.8.8.8,2,192.168.1.1,2.61
2025-11-27 02:40:17,8.8.8.8,5,176.52.253.97,17.27
2025-11-27 02:40:31,8.8.8.8,7,108.170.225.251,13.34
2025-11-27 02:40:33,8.8.8.8,8,142.250.46.165,14.95
2025-11-27 02:40:35,8.8.8.8,9,8.8.8.8,13.37
2025-11-27 02:45:37,8.8.8.8,1,192.168.68.1,2.96
2025-11-27 02:45:39,8.8.8.8,2,192.168.1.1,8.17
2025-11-27 02:46:05,8.8.8.8,5,176.52.253.97,13.94
2025-11-27 02:46:19,8.8.8.8,7,108.170.225.251,16.73
2025-11-27 02:46:21,8.8.8.8,8,142.250.46.165,16.24
2025-11-27 02:46:23,8.8.8.8,9,8.8.8.8,21.95
2025-11-27 02:51:25,8.8.8.8,1,192.168.68.1,4.88
2025-11-27 02:51:27,8.8.8.8,2,192.168.1.1,3.06
2025-11-27 02:51:53,8.8.8.8,5,176.52.253.97,16.18
2025-11-27 02:52:07,8.8.8.8,7,108.170.225.251,15.20
2025-11-27 02:52:09,8.8.8.8,8,142.250.46.165,14.56
2025-11-27 02:52:12,8.8.8.8,9,8.8.8.8,13.18
2025-11-27 02:57:14,8.8.8.8,1,192.168.68.1,5.41
2025-11-27 02:57:16,8.8.8.8,2,192.168.1.1,4.07
2025-11-27 02:57:42,8.8.8.8,5,176.52.253.97,17.20
2025-11-27 02:57:56,8.8.8.8,7,108.170.225.251,18.23
2025-11-27 02:57:58,8.8.8.8,8,142.250.46.165,15.48
2025-11-27 02:58:00,8.8.8.8,9,8.8.8.8,13.27
2025-11-27 03:03:02,8.8.8.8,1,192.168.68.1,4.49
2025-11-27 03:03:04,8.8.8.8,2,192.168.1.1,3.20
2025-11-27 03:03:30,8.8.8.8,5,176.52.253.97,14.43
2025-11-27 03:03:44,8.8.8.8,7,108.170.225.251,16.22
2025-11-27 03:03:46,8.8.8.8,8,142.250.46.165,17.02
2025-11-27 03:03:48,8.8.8.8,9,8.8.8.8,80.14
2025-11-27 03:08:50,8.8.8.8,1,192.168.68.1,45.08
2025-11-27 03:08:52,8.8.8.8,2,192.168.1.1,3.41
2025-11-27 03:09:18,8.8.8.8,5,176.52.253.97,15.49
2025-11-27 03:09:32,8.8.8.8,7,108.170.225.251,17.42
2025-11-27 03:09:34,8.8.8.8,8,142.250.46.165,57.87
2025-11-27 03:09:36,8.8.8.8,9,8.8.8.8,14.45
2025-11-27 03:14:38,8.8.8.8,1,192.168.68.1,2.99
2025-11-27 03:14:40,8.8.8.8,2,192.168.1.1,11.19
2025-11-27 03:15:07,8.8.8.8,5,176.52.253.97,18.38
2025-11-27 03:15:21,8.8.8.8,7,108.170.225.251,14.70
2025-11-27 03:15:23,8.8.8.8,8,142.250.46.165,14.29
2025-11-27 03:15:25,8.8.8.8,9,8.8.8.8,13.23
2025-11-27 03:20:27,8.8.8.8,1,192.168.68.1,7.28
2025-11-27 03:20:29,8.8.8.8,2,192.168.1.1,4.09
2025-11-27 03:20:55,8.8.8.8,5,176.52.253.97,16.78
2025-11-27 03:21:09,8.8.8.8,7,108.170.225.251,15.59
2025-11-27 03:21:11,8.8.8.8,8,142.250.46.165,17.86
2025-11-27 03:21:13,8.8.8.8,9,8.8.8.8,15.05
2025-11-27 03:26:15,8.8.8.8,1,192.168.68.1,3.45
2025-11-27 03:26:17,8.8.8.8,2,192.168.1.1,11.66
2025-11-27 03:26:43,8.8.8.8,5,176.52.253.97,21.78
2025-11-27 03:26:57,8.8.8.8,7,108.170.225.251,19.13
2025-11-27 03:26:59,8.8.8.8,8,142.250.46.165,16.04
2025-11-27 03:27:01,8.8.8.8,9,8.8.8.8,17.76
2025-11-27 03:32:03,8.8.8.8,1,192.168.68.1,3.31
2025-11-27 03:32:06,8.8.8.8,2,192.168.1.1,5.68
2025-11-27 03:32:32,8.8.8.8,5,176.52.253.97,13.74
2025-11-27 03:32:46,8.8.8.8,7,108.170.225.251,16.39
2025-11-27 03:32:48,8.8.8.8,8,142.250.46.165,30.17
2025-11-27 03:32:50,8.8.8.8,9,8.8.8.8,66.70
2025-11-27 03:37:52,8.8.8.8,1,192.168.68.1,3.86
2025-11-27 03:37:54,8.8.8.8,2,192.168.1.1,6.51
2025-11-27 03:38:20,8.8.8.8,5,176.52.253.97,14.18
2025-11-27 03:38:34,8.8.8.8,7,108.170.225.251,14.28
2025-11-27 03:38:36,8.8.8.8,8,142.250.46.165,16.45
2025-11-27 03:38:38,8.8.8.8,9,8.8.8.8,14.18
2025-11-27 03:43:40,8.8.8.8,1,192.168.68.1,4.70
2025-11-27 03:43:42,8.8.8.8,2,192.168.1.1,4.06
2025-11-27 03:44:08,8.8.8.8,5,176.52.253.97,13.72
2025-11-27 03:44:22,8.8.8.8,7,108.170.225.251,14.91
2025-11-27 03:44:24,8.8.8.8,8,142.250.46.165,14.36
2025-11-27 03:44:26,8.8.8.8,9,8.8.8.8,20.54
2025-11-27 03:49:28,8.8.8.8,1,192.168.68.1,10.72
2025-11-27 03:49:31,8.8.8.8,2,192.168.1.1,3.01
2025-11-27 03:49:57,8.8.8.8,5,176.52.253.97,15.80
2025-11-27 03:50:11,8.8.8.8,7,108.170.225.251,14.73
2025-11-27 03:50:13,8.8.8.8,8,142.250.46.165,15.12
2025-11-27 03:50:15,8.8.8.8,9,8.8.8.8,13.74
2025-11-27 03:55:17,8.8.8.8,1,192.168.68.1,6.98
2025-11-27 03:55:19,8.8.8.8,2,192.168.1.1,9.14
2025-11-27 03:55:45,8.8.8.8,5,176.52.253.97,16.38
2025-11-27 03:55:59,8.8.8.8,7,108.170.225.251,15.80
2025-11-27 03:56:01,8.8.8.8,8,142.250.46.165,16.18
2025-11-27 03:56:03,8.8.8.8,9,8.8.8.8,22.95
2025-11-27 04:01:05,8.8.8.8,1,192.168.68.1,8.87
2025-11-27 04:01:07,8.8.8.8,2,192.168.1.1,3.13
2025-11-27 04:01:33,8.8.8.8,5,176.52.253.97,15.61
2025-11-27 04:01:48,8.8.8.8,7,108.170.225.251,42.87
2025-11-27 04:01:50,8.8.8.8,8,142.250.46.165,38.07
2025-11-27 04:01:52,8.8.8.8,9,8.8.8.8,16.84
2025-11-27 04:06:54,8.8.8.8,1,192.168.68.1,4.54
2025-11-27 04:06:56,8.8.8.8,2,192.168.1.1,9.34
2025-11-27 04:07:22,8.8.8.8,5,176.52.253.97,13.91
2025-11-27 04:07:36,8.8.8.8,7,108.170.225.251,16.83
2025-11-27 04:07:38,8.8.8.8,8,142.250.46.165,15.95
2025-11-27 04:07:40,8.8.8.8,9,8.8.8.8,19.20
2025-11-27 04:12:42,8.8.8.8,1,192.168.68.1,6.67
2025-11-27 04:12:44,8.8.8.8,2,192.168.1.1,4.37
2025-11-27 04:13:10,8.8.8.8,5,176.52.253.97,19.97
2025-11-27 04:13:24,8.8.8.8,7,108.170.225.251,19.59
2025-11-27 04:13:26,8.8.8.8,8,142.250.46.165,20.73
2025-11-27 04:13:28,8.8.8.8,9,8.8.8.8,18.02
2025-11-27 04:18:30,8.8.8.8,1,192.168.68.1,6.73
2025-11-27 04:18:32,8.8.8.8,2,192.168.1.1,3.50
2025-11-27 04:18:58,8.8.8.8,5,176.52.253.97,15.47
2025-11-27 04:19:13,8.8.8.8,7,108.170.225.251,16.53
2025-11-27 04:19:15,8.8.8.8,8,142.250.46.165,20.80
2025-11-27 04:19:17,8.8.8.8,9,8.8.8.8,18.37
2025-11-27 04:24:19,8.8.8.8,1,192.168.68.1,6.39
2025-11-27 04:24:21,8.8.8.8,2,192.168.1.1,2.96
2025-11-27 04:24:47,8.8.8.8,5,176.52.253.97,27.21
2025-11-27 04:25:01,8.8.8.8,7,108.170.225.251,15.42
2025-11-27 04:25:03,8.8.8.8,8,142.250.46.165,16.54
2025-11-27 04:25:05,8.8.8.8,9,8.8.8.8,19.13
2025-11-27 04:30:07,8.8.8.8,1,192.168.68.1,6.71
2025-11-27 04:30:09,8.8.8.8,2,192.168.1.1,4.07
2025-11-27 04:30:35,8.8.8.8,5,176.52.253.97,17.09
2025-11-27 04:30:49,8.8.8.8,7,108.170.225.251,70.74
2025-11-27 04:30:51,8.8.8.8,8,142.250.46.165,20.34
2025-11-27 04:30:53,8.8.8.8,9,8.8.8.8,13.23
2025-11-27 04:35:55,8.8.8.8,1,192.168.68.1,3.86
2025-11-27 04:35:58,8.8.8.8,2,192.168.1.1,7.70
2025-11-27 04:36:24,8.8.8.8,5,176.52.253.97,14.90
2025-11-27 04:36:38,8.8.8.8,7,108.170.225.251,17.22
2025-11-27 04:36:40,8.8.8.8,8,142.250.46.165,16.96
2025-11-27 04:36:42,8.8.8.8,9,8.8.8.8,19.46
2025-11-27 04:41:44,8.8.8.8,1,192.168.68.1,9.31
2025-11-27 04:41:47,8.8.8.8,2,192.168.1.1,3.73
2025-11-27 04:42:13,8.8.8.8,5,176.52.253.97,19.09
2025-11-27 04:42:27,8.8.8.8,7,108.170.225.251,14.28
2025-11-27 04:42:29,8.8.8.8,8,142.250.46.165,18.34
2025-11-27 04:42:31,8.8.8.8,9,8.8.8.8,15.65
2025-11-27 04:47:33,8.8.8.8,1,192.168.68.1,8.70
2025-11-27 04:47:35,8.8.8.8,2,192.168.1.1,12.15
2025-11-27 04:48:01,8.8.8.8,5,176.52.253.97,15.07
2025-11-27 04:48:15,8.8.8.8,7,108.170.225.251,14.66
2025-11-27 04:48:17,8.8.8.8,8,142.250.46.165,19.77
2025-11-27 04:48:20,8.8.8.8,9,8.8.8.8,21.80
2025-11-27 04:53:22,8.8.8.8,1,192.168.68.1,6.66
2025-11-27 04:53:24,8.8.8.8,2,192.168.1.1,3.36
2025-11-27 04:53:50,8.8.8.8,5,176.52.253.97,56.73
2025-11-27 04:54:04,8.8.8.8,7,108.170.225.251,20.48
2025-11-27 04:54:06,8.8.8.8,8,142.250.46.165,27.61
2025-11-27 04:54:08,8.8.8.8,9,8.8.8.8,17.77
2025-11-27 04:59:10,8.8.8.8,1,192.168.68.1,6.14
2025-11-27 04:59:12,8.8.8.8,2,192.168.1.1,3.15
2025-11-27 04:59:38,8.8.8.8,5,176.52.253.97,19.74
2025-11-27 04:59:52,8.8.8.8,7,108.170.225.251,28.06
2025-11-27 04:59:54,8.8.8.8,8,142.250.46.165,23.41
2025-11-27 04:59:56,8.8.8.8,9,8.8.8.8,15.83
2025-11-27 05:04:58,8.8.8.8,1,192.168.68.1,5.34
2025-11-27 05:05:00,8.8.8.8,2,192.168.1.1,4.02
2025-11-27 05:05:26,8.8.8.8,5,176.52.253.97,22.12
2025-11-27 05:05:41,8.8.8.8,7,108.170.225.251,21.96
2025-11-27 05:05:43,8.8.8.8,8,142.250.46.165,20.92
2025-11-27 05:05:45,8.8.8.8,9,8.8.8.8,18.08
2025-11-27 05:10:47,8.8.8.8,1,192.168.68.1,6.53
2025-11-27 05:10:49,8.8.8.8,2,192.168.1.1,40.52
2025-11-27 05:11:15,8.8.8.8,5,176.52.253.97,24.70
2025-11-27 05:11:29,8.8.8.8,7,108.170.225.251,21.17
2025-11-27 05:11:31,8.8.8.8,8,142.250.46.165,23.97
2025-11-27 05:11:33,8.8.8.8,9,8.8.8.8,21.59
2025-11-27 05:16:35,8.8.8.8,1,192.168.68.1,7.07
2025-11-27 05:16:37,8.8.8.8,2,192.168.1.1,5.09
2025-11-27 05:17:03,8.8.8.8,5,176.52.253.97,20.74
2025-11-27 05:17:17,8.8.8.8,7,108.170.225.251,19.14
2025-11-27 05:17:19,8.8.8.8,8,142.250.46.165,14.83
2025-11-27 05:17:21,8.8.8.8,9,8.8.8.8,15.41
2025-11-27 05:22:23,8.8.8.8,1,192.168.68.1,13.36
2025-11-27 05:22:25,8.8.8.8,2,192.168.1.1,3.85
2025-11-27 05:22:52,8.8.8.8,5,176.52.253.97,24.61
2025-11-27 05:23:06,8.8.8.8,7,108.170.225.251,19.98
2025-11-27 05:23:08,8.8.8.8,8,142.250.46.165,20.39
2025-11-27 05:23:10,8.8.8.8,9,8.8.8.8,17.38
2025-11-27 05:28:12,8.8.8.8,1,192.168.68.1,6.25
2025-11-27 05:28:14,8.8.8.8,2,192.168.1.1,3.63
2025-11-27 05:28:40,8.8.8.8,5,176.52.253.97,24.50
2025-11-27 05:28:54,8.8.8.8,7,108.170.225.251,15.77
2025-11-27 05:28:56,8.8.8.8,8,142.250.46.165,15.18
2025-11-27 05:28:58,8.8.8.8,9,8.8.8.8,23.77
2025-11-27 05:34:00,8.8.8.8,1,192.168.68.1,6.71
2025-11-27 05:34:02,8.8.8.8,2,192.168.1.1,21.87
2025-11-27 05:34:28,8.8.8.8,5,176.52.253.97,34.37
2025-11-27 05:34:42,8.8.8.8,7,108.170.225.251,13.70
2025-11-27 05:34:44,8.8.8.8,8,142.250.46.165,17.86
2025-11-27 05:34:47,8.8.8.8,9,8.8.8.8,25.83
2025-11-27 05:39:49,8.8.8.8,1,192.168.68.1,32.72
2025-11-27 05:39:51,8.8.8.8,2,192.168.1.1,3.54
2025-11-27 05:40:17,8.8.8.8,5,176.52.253.97,26.07
2025-11-27 05:40:31,8.8.8.8,7,108.170.225.251,19.73
2025-11-27 05:40:33,8.8.8.8,8,142.250.46.165,19.87
2025-11-27 05:40:35,8.8.8.8,9,8.8.8.8,41.79
2025-11-27 05:45:37,8.8.8.8,1,192.168.68.1,12.01
2025-11-27 05:45:39,8.8.8.8,2,192.168.1.1,14.80
2025-11-27 05:46:05,8.8.8.8,5,176.52.253.97,17.99
2025-11-27 05:46:19,8.8.8.8,7,108.170.225.251,18.28
2025-11-27 05:46:21,8.8.8.8,8,142.250.46.165,15.95
2025-11-27 05:46:23,8.8.8.8,9,8.8.8.8,13.23
2025-11-27 05:51:25,8.8.8.8,1,192.168.68.1,12.38
2025-11-27 05:51:27,8.8.8.8,2,192.168.1.1,14.85
2025-11-27 05:51:53,8.8.8.8,5,176.52.253.97,20.50
2025-11-27 05:52:08,8.8.8.8,7,108.170.225.251,18.15
2025-11-27 05:52:10,8.8.8.8,8,142.250.46.165,20.52
2025-11-27 05:52:12,8.8.8.8,9,8.8.8.8,26.36
2025-11-27 05:57:14,8.8.8.8,1,192.168.68.1,13.27
2025-11-27 05:57:16,8.8.8.8,2,192.168.1.1,22.66
2025-11-27 05:57:42,8.8.8.8,5,176.52.253.97,30.25
2025-11-27 05:57:56,8.8.8.8,7,108.170.225.251,15.51
2025-11-27 05:57:58,8.8.8.8,8,142.250.46.165,21.80
2025-11-27 05:58:00,8.8.8.8,9,8.8.8.8,17.82
2025-11-27 06:03:02,8.8.8.8,1,192.168.68.1,17.11
2025-11-27 06:03:04,8.8.8.8,2,192.168.1.1,2.88
2025-11-27 06:03:30,8.8.8.8,5,176.52.253.97,19.64
2025-11-27 06:03:44,8.8.8.8,7,108.170.225.251,19.80
2025-11-27 06:03:46,8.8.8.8,8,142.250.46.165,48.72
2025-11-27 06:03:48,8.8.8.8,9,8.8.8.8,31.33
2025-11-27 06:08:50,8.8.8.8,1,192.168.68.1,94.07
2025-11-27 06:08:52,8.8.8.8,2,192.168.1.1,2.74
2025-11-27 06:09:19,8.8.8.8,5,176.52.253.97,14.31
2025-11-27 06:09:33,8.8.8.8,7,108.170.225.251,21.58
2025-11-27 06:09:35,8.8.8.8,8,142.250.46.165,25.19
2025-11-27 06:09:37,8.8.8.8,9,8.8.8.8,15.28
2025-11-27 06:14:39,8.8.8.8,1,192.168.68.1,8.64
2025-11-27 06:14:41,8.8.8.8,2,192.168.1.1,9.82
2025-11-27 06:15:07,8.8.8.8,5,176.52.253.97,22.29
2025-11-27 06:15:21,8.8.8.8,7,108.170.225.251,20.26
2025-11-27 06:15:23,8.8.8.8,8,142.250.46.165,19.10
2025-11-27 06:15:25,8.8.8.8,9,8.8.8.8,18.54
2025-11-27 06:20:27,8.8.8.8,1,192.168.68.1,16.85
2025-11-27 06:20:29,8.8.8.8,2,192.168.1.1,3.87
2025-11-27 06:20:55,8.8.8.8,5,176.52.253.97,19.75
2025-11-27 06:21:09,8.8.8.8,7,108.170.225.251,16.31
2025-11-27 06:21:11,8.8.8.8,8,142.250.46.165,20.44
2025-11-27 06:21:13,8.8.8.8,9,8.8.8.8,18.36
2025-11-27 06:26:15,8.8.8.8,1,192.168.68.1,17.45
2025-11-27 06:26:18,8.8.8.8,2,192.168.1.1,3.21
2025-11-27 06:26:44,8.8.8.8,5,176.52.253.97,22.29
2025-11-27 06:26:58,8.8.8.8,7,108.170.225.251,17.00
2025-11-27 06:27:00,8.8.8.8,8,142.250.46.165,17.59
2025-11-27 06:27:02,8.8.8.8,9,8.8.8.8,29.88
2025-11-27 06:32:04,8.8.8.8,1,192.168.68.1,11.42
2025-11-27 06:32:06,8.8.8.8,2,192.168.1.1,15.04
2025-11-27 06:32:32,8.8.8.8,5,176.52.253.97,21.96
2025-11-27 06:32:46,8.8.8.8,7,108.170.225.251,41.65
2025-11-27 06:32:48,8.8.8.8,8,142.250.46.165,82.55
2025-11-27 06:32:50,8.8.8.8,9,8.8.8.8,50.66
2025-11-27 06:37:52,8.8.8.8,1,192.168.68.1,18.45
2025-11-27 06:37:54,8.8.8.8,2,192.168.1.1,3.86
2025-11-27 06:38:21,8.8.8.8,5,176.52.253.97,20.51
2025-11-27 06:38:35,8.8.8.8,7,108.170.225.251,18.07
2025-11-27 06:38:37,8.8.8.8,8,142.250.46.165,20.76
2025-11-27 06:38:39,8.8.8.8,9,8.8.8.8,19.29
2025-11-27 06:43:41,8.8.8.8,1,192.168.68.1,17.14
2025-11-27 06:43:43,8.8.8.8,2,192.168.1.1,7.58
2025-11-27 06:44:09,8.8.8.8,5,176.52.253.97,24.15
2025-11-27 06:44:23,8.8.8.8,7,108.170.225.251,15.01
2025-11-27 06:44:25,8.8.8.8,8,142.250.46.165,19.23
2025-11-27 06:44:27,8.8.8.8,9,8.8.8.8,19.50
2025-11-27 06:49:29,8.8.8.8,1,192.168.68.1,18.02
2025-11-27 06:49:31,8.8.8.8,2,192.168.1.1,16.80
2025-11-27 06:49:57,8.8.8.8,5,176.52.253.97,20.60
2025-11-27 06:50:11,8.8.8.8,7,108.170.225.251,18.57
2025-11-27 06:50:13,8.8.8.8,8,142.250.46.165,20.69
2025-11-27 06:50:16,8.8.8.8,9,8.8.8.8,18.62
2025-11-27 06:55:18,8.8.8.8,1,192.168.68.1,15.93
2025-11-27 06:55:20,8.8.8.8,2,192.168.1.1,15.69
2025-11-27 06:55:46,8.8.8.8,5,176.52.253.97,25.73
2025-11-27 06:56:00,8.8.8.8,7,108.170.225.251,17.51
2025-11-27 06:56:02,8.8.8.8,8,142.250.46.165,23.84
2025-11-27 06:56:04,8.8.8.8,9,8.8.8.8,18.53
2025-11-27 07:01:06,8.8.8.8,1,192.168.68.1,18.13
2025-11-27 07:01:08,8.8.8.8,2,192.168.1.1,15.82
2025-11-27 07:01:34,8.8.8.8,5,176.52.253.97,24.58
2025-11-27 07:01:48,8.8.8.8,7,108.170.225.251,32.71
2025-11-27 07:01:50,8.8.8.8,8,142.250.46.165,53.61
2025-11-27 07:01:52,8.8.8.8,9,8.8.8.8,18.27
2025-11-27 07:06:54,8.8.8.8,1,192.168.68.1,23.33
2025-11-27 07:06:56,8.8.8.8,2,192.168.1.1,4.58
2025-11-27 07:07:22,8.8.8.8,5,176.52.253.97,31.23
2025-11-27 07:07:37,8.8.8.8,7,108.170.225.251,17.65
2025-11-27 07:07:39,8.8.8.8,8,142.250.46.165,21.26
2025-11-27 07:07:41,8.8.8.8,9,8.8.8.8,17.90
2025-11-27 07:12:43,8.8.8.8,1,192.168.68.1,3.41
2025-11-27 07:12:45,8.8.8.8,2,192.168.1.1,3.65
2025-11-27 07:13:11,8.8.8.8,5,176.52.253.97,15.46
2025-11-27 07:13:25,8.8.8.8,7,108.170.225.251,15.26
2025-11-27 07:13:27,8.8.8.8,8,142.250.46.165,16.56
2025-11-27 07:13:29,8.8.8.8,9,8.8.8.8,12.96
2025-11-27 07:18:31,8.8.8.8,1,192.168.68.1,2.65
2025-11-27 07:18:33,8.8.8.8,2,192.168.1.1,5.05
2025-11-27 07:18:59,8.8.8.8,5,176.52.253.97,16.85
2025-11-27 07:19:13,8.8.8.8,7,108.170.225.251,17.71
2025-11-27 07:19:15,8.8.8.8,8,142.250.46.165,15.68
2025-11-27 07:19:17,8.8.8.8,9,8.8.8.8,15.98
2025-11-27 07:24:19,8.8.8.8,1,192.168.68.1,3.02
2025-11-27 07:24:21,8.8.8.8,2,192.168.1.1,3.11
2025-11-27 07:24:48,8.8.8.8,5,176.52.253.97,28.73
2025-11-27 07:25:02,8.8.8.8,7,108.170.225.251,14.41
2025-11-27 07:25:04,8.8.8.8,8,142.250.46.165,15.88
2025-11-27 07:25:06,8.8.8.8,9,8.8.8.8,13.18
2025-11-27 07:30:08,8.8.8.8,1,192.168.68.1,4.41
2025-11-27 07:30:10,8.8.8.8,2,192.168.1.1,3.14
2025-11-27 07:30:36,8.8.8.8,5,176.52.253.97,13.90
2025-11-27 07:30:50,8.8.8.8,7,108.170.225.251,53.26
2025-11-27 07:30:52,8.8.8.8,8,142.250.46.165,14.87
2025-11-27 07:30:54,8.8.8.8,9,8.8.8.8,16.25
2025-11-27 07:35:56,8.8.8.8,1,192.168.68.1,5.17
2025-11-27 07:35:58,8.8.8.8,2,192.168.1.1,3.50
2025-11-27 07:36:24,8.8.8.8,5,176.52.253.97,16.05
2025-11-27 07:36:38,8.8.8.8,7,108.170.225.251,15.92
2025-11-27 07:36:40,8.8.8.8,8,142.250.46.165,14.27
2025-11-27 07:36:42,8.8.8.8,9,8.8.8.8,12.59
2025-11-27 07:41:44,8.8.8.8,1,192.168.68.1,5.79
2025-11-27 07:41:46,8.8.8.8,2,192.168.1.1,6.30
2025-11-27 07:42:12,8.8.8.8,5,176.52.253.97,15.55
2025-11-27 07:42:27,8.8.8.8,7,108.170.225.251,15.08
2025-11-27 07:42:29,8.8.8.8,8,142.250.46.165,16.44
2025-11-27 07:42:31,8.8.8.8,9,8.8.8.8,13.91
2025-11-27 07:47:33,8.8.8.8,1,192.168.68.1,4.00
2025-11-27 07:47:35,8.8.8.8,2,192.168.1.1,12.51
2025-11-27 07:48:01,8.8.8.8,5,176.52.253.97,15.49
2025-11-27 07:48:15,8.8.8.8,7,108.170.225.251,16.04
2025-11-27 07:48:17,8.8.8.8,8,142.250.46.165,14.80
2025-11-27 07:48:19,8.8.8.8,9,8.8.8.8,14.10
2025-11-27 07:53:21,8.8.8.8,1,192.168.68.1,3.39
2025-11-27 07:53:23,8.8.8.8,2,192.168.1.1,3.89
2025-11-27 07:53:49,8.8.8.8,5,176.52.253.97,73.89
2025-11-27 07:54:03,8.8.8.8,7,108.170.225.251,15.17
2025-11-27 07:54:05,8.8.8.8,8,142.250.46.165,14.86
2025-11-27 07:54:07,8.8.8.8,9,8.8.8.8,14.07
2025-11-27 07:59:09,8.8.8.8,1,192.168.68.1,4.45
2025-11-27 07:59:11,8.8.8.8,2,192.168.1.1,6.18
2025-11-27 07:59:38,8.8.8.8,5,176.52.253.97,15.63
2025-11-27 07:59:52,8.8.8.8,7,108.170.225.251,26.15
2025-11-27 07:59:54,8.8.8.8,8,142.250.46.165,15.04
2025-11-27 07:59:56,8.8.8.8,9,8.8.8.8,16.65
2025-11-27 08:04:58,8.8.8.8,1,192.168.68.1,4.13
2025-11-27 08:05:00,8.8.8.8,2,192.168.1.1,3.21
2025-11-27 08:05:26,8.8.8.8,5,176.52.253.97,13.85
2025-11-27 08:05:40,8.8.8.8,7,108.170.225.251,16.25
2025-11-27 08:05:42,8.8.8.8,8,142.250.46.165,15.14
2025-11-27 08:05:44,8.8.8.8,9,8.8.8.8,13.97
2025-11-27 08:10:46,8.8.8.8,1,192.168.68.1,4.35
2025-11-27 08:10:48,8.8.8.8,2,192.168.1.1,75.19
2025-11-27 08:11:14,8.8.8.8,5,176.52.253.97,15.46
2025-11-27 08:11:28,8.8.8.8,7,108.170.225.251,14.95
2025-11-27 08:11:30,8.8.8.8,8,142.250.46.165,15.25
2025-11-27 08:11:33,8.8.8.8,9,8.8.8.8,18.96
2025-11-27 08:16:35,8.8.8.8,1,192.168.68.1,4.49
2025-11-27 08:16:37,8.8.8.8,2,192.168.1.1,3.88
2025-11-27 08:17:03,8.8.8.8,5,176.52.253.97,15.66
2025-11-27 08:17:17,8.8.8.8,7,108.170.225.251,15.87
2025-11-27 08:17:19,8.8.8.8,8,142.250.46.165,15.32
2025-11-27 08:17:21,8.8.8.8,9,8.8.8.8,13.98
2025-11-27 08:22:23,8.8.8.8,1,192.168.68.1,4.97
2025-11-27 08:22:25,8.8.8.8,2,192.168.1.1,3.07
2025-11-27 08:22:51,8.8.8.8,5,176.52.253.97,43.16
2025-11-27 08:23:05,8.8.8.8,7,108.170.225.251,16.11
2025-11-27 08:23:07,8.8.8.8,8,142.250.46.165,17.53
2025-11-27 08:23:09,8.8.8.8,9,8.8.8.8,14.09
2025-11-27 08:28:11,8.8.8.8,1,192.168.68.1,5.92
2025-11-27 08:28:13,8.8.8.8,2,192.168.1.1,2.76
2025-11-27 08:28:39,8.8.8.8,5,176.52.253.97,20.03
2025-11-27 08:28:53,8.8.8.8,7,108.170.225.251,23.38
2025-11-27 08:28:55,8.8.8.8,8,142.250.46.165,15.62
2025-11-27 08:28:58,8.8.8.8,9,8.8.8.8,16.67
2025-11-27 08:34:00,8.8.8.8,1,192.168.68.1,5.32
2025-11-27 08:34:02,8.8.8.8,2,192.168.1.1,4.36
2025-11-27 08:34:28,8.8.8.8,5,176.52.253.97,17.84
2025-11-27 08:34:42,8.8.8.8,7,108.170.225.251,16.74
2025-11-27 08:34:44,8.8.8.8,8,142.250.46.165,16.14
2025-11-27 08:34:46,8.8.8.8,9,8.8.8.8,13.71
2025-11-27 08:39:48,8.8.8.8,1,192.168.68.1,36.38
2025-11-27 08:39:50,8.8.8.8,2,192.168.1.1,53.63
2025-11-27 08:40:16,8.8.8.8,5,176.52.253.97,14.96
2025-11-27 08:40:30,8.8.8.8,7,108.170.225.251,15.35
2025-11-27 08:40:32,8.8.8.8,8,142.250.46.165,15.14
2025-11-27 08:40:34,8.8.8.8,9,8.8.8.8,14.21
2025-11-27 08:45:36,8.8.8.8,1,192.168.68.1,10.81
2025-11-27 08:45:38,8.8.8.8,2,192.168.1.1,3.01
2025-11-27 08:46:04,8.8.8.8,5,176.52.253.97,15.54
2025-11-27 08:46:18,8.8.8.8,7,108.170.225.251,18.65
2025-11-27 08:46:20,8.8.8.8,8,142.250.46.165,23.00
2025-11-27 08:46:22,8.8.8.8,9,8.8.8.8,15.91
2025-11-27 08:51:24,8.8.8.8,1,192.168.68.1,4.62
2025-11-27 08:51:27,8.8.8.8,2,192.168.1.1,3.53
2025-11-27 08:51:53,8.8.8.8,5,176.52.253.97,13.88
2025-11-27 08:52:07,8.8.8.8,7,108.170.225.251,14.35
2025-11-27 08:52:09,8.8.8.8,8,142.250.46.165,15.22
2025-11-27 08:52:11,8.8.8.8,9,8.8.8.8,14.07
2025-11-27 08:57:13,8.8.8.8,1,192.168.68.1,4.34
2025-11-27 08:57:15,8.8.8.8,2,192.168.1.1,3.11
2025-11-27 08:57:41,8.8.8.8,5,176.52.253.97,13.14
2025-11-27 08:57:55,8.8.8.8,7,108.170.225.251,15.84
2025-11-27 08:57:57,8.8.8.8,8,142.250.46.165,14.41
2025-11-27 08:57:59,8.8.8.8,9,8.8.8.8,14.14
2025-11-27 09:03:01,8.8.8.8,1,192.168.68.1,4.59
2025-11-27 09:03:03,8.8.8.8,2,192.168.1.1,4.73
2025-11-27 09:03:29,8.8.8.8,5,176.52.253.97,15.91
2025-11-27 09:03:43,8.8.8.8,7,108.170.225.251,15.03
2025-11-27 09:03:45,8.8.8.8,8,142.250.46.165,15.00
2025-11-27 09:03:47,8.8.8.8,9,8.8.8.8,15.25
2025-11-27 09:08:49,8.8.8.8,1,192.168.68.1,9.62
2025-11-27 09:08:51,8.8.8.8,2,192.168.1.1,42.07
2025-11-27 09:09:18,8.8.8.8,5,176.52.253.97,14.81
2025-11-27 09:09:32,8.8.8.8,7,108.170.225.251,16.12
2025-11-27 09:09:34,8.8.8.8,8,142.250.46.165,16.23
2025-11-27 09:09:36,8.8.8.8,9,8.8.8.8,13.75
2025-11-27 09:14:38,8.8.8.8,1,192.168.68.1,5.24
2025-11-27 09:14:40,8.8.8.8,2,192.168.1.1,3.44
2025-11-27 09:15:06,8.8.8.8,5,176.52.253.97,33.07
2025-11-27 09:15:20,8.8.8.8,7,108.170.225.251,30.95
2025-11-27 09:15:22,8.8.8.8,8,142.250.46.165,43.20
2025-11-27 09:15:24,8.8.8.8,9,8.8.8.8,29.92
2025-11-27 09:20:26,8.8.8.8,1,192.168.68.1,26.25
2025-11-27 09:20:28,8.8.8.8,2,192.168.1.1,15.48
2025-11-27 09:20:54,8.8.8.8,5,176.52.253.97,38.03
2025-11-27 09:21:08,8.8.8.8,7,108.170.225.251,20.49
2025-11-27 09:21:10,8.8.8.8,8,142.250.46.165,20.56
2025-11-27 09:21:13,8.8.8.8,9,8.8.8.8,19.17
2025-11-27 09:26:15,8.8.8.8,1,192.168.68.1,32.34
2025-11-27 09:26:17,8.8.8.8,2,192.168.1.1,14.15
2025-11-27 09:26:43,8.8.8.8,5,176.52.253.97,14.47
2025-11-27 09:26:57,8.8.8.8,7,108.170.225.251,33.88
2025-11-27 09:26:59,8.8.8.8,8,142.250.46.165,14.72
2025-11-27 09:27:01,8.8.8.8,9,8.8.8.8,17.34
2025-11-27 09:32:03,8.8.8.8,1,192.168.68.1,16.10
2025-11-27 09:32:05,8.8.8.8,2,192.168.1.1,7.20
2025-11-27 09:32:31,8.8.8.8,5,176.52.253.97,41.83
2025-11-27 09:32:45,8.8.8.8,7,108.170.225.251,25.50
2025-11-27 09:32:47,8.8.8.8,8,142.250.46.165,20.37
2025-11-27 09:32:49,8.8.8.8,9,8.8.8.8,103.27
2025-11-27 09:37:51,8.8.8.8,1,192.168.68.1,39.36
2025-11-27 09:37:53,8.8.8.8,2,192.168.1.1,5.36
2025-11-27 09:38:20,8.8.8.8,5,176.52.253.97,32.71
2025-11-27 09:38:34,8.8.8.8,7,108.170.225.251,16.22
2025-11-27 09:38:36,8.8.8.8,8,142.250.46.165,27.66
2025-11-27 09:38:38,8.8.8.8,9,8.8.8.8,19.31
2025-11-27 09:43:40,8.8.8.8,1,192.168.68.1,35.93
2025-11-27 09:43:42,8.8.8.8,2,192.168.1.1,5.88
2025-11-27 09:44:08,8.8.8.8,5,176.52.253.97,18.28
2025-11-27 09:44:22,8.8.8.8,7,108.170.225.251,17.33
2025-11-27 09:44:24,8.8.8.8,8,142.250.46.165,20.70
2025-11-27 09:44:26,8.8.8.8,9,8.8.8.8,21.30
2025-11-27 09:49:28,8.8.8.8,1,192.168.68.1,35.11
2025-11-27 09:49:30,8.8.8.8,2,192.168.1.1,14.63
2025-11-27 09:49:56,8.8.8.8,5,176.52.253.97,46.83
2025-11-27 09:50:11,8.8.8.8,7,108.170.225.251,24.84
2025-11-27 09:50:13,8.8.8.8,8,142.250.46.165,22.00
2025-11-27 09:50:15,8.8.8.8,9,8.8.8.8,19.37
2025-11-27 09:55:17,8.8.8.8,1,192.168.68.1,35.89
2025-11-27 09:55:19,8.8.8.8,2,192.168.1.1,14.52
2025-11-27 09:55:45,8.8.8.8,5,176.52.253.97,37.01
2025-11-27 09:55:59,8.8.8.8,7,108.170.225.251,22.64
2025-11-27 09:56:01,8.8.8.8,8,142.250.46.165,15.66
2025-11-27 09:56:03,8.8.8.8,9,8.8.8.8,32.06
2025-11-27 10:01:05,8.8.8.8,1,192.168.68.1,17.39
2025-11-27 10:01:07,8.8.8.8,2,192.168.1.1,8.03
2025-11-27 10:01:33,8.8.8.8,5,176.52.253.97,28.16
2025-11-27 10:01:47,8.8.8.8,7,108.170.225.251,33.71
2025-11-27 10:01:50,8.8.8.8,8,142.250.46.165,120.37
2025-11-27 10:01:52,8.8.8.8,9,8.8.8.8,62.01
2025-11-27 10:06:54,8.8.8.8,1,192.168.68.1,30.08
2025-11-27 10:06:56,8.8.8.8,2,192.168.1.1,16.11
2025-11-27 10:07:22,8.8.8.8,5,176.52.253.97,27.51
2025-11-27 10:07:36,8.8.8.8,7,108.170.225.251,32.56
2025-11-27 10:07:38,8.8.8.8,8,142.250.46.165,21.76
2025-11-27 10:07:40,8.8.8.8,9,8.8.8.8,14.73
2025-11-27 10:12:42,8.8.8.8,1,192.168.68.1,24.94
2025-11-27 10:12:44,8.8.8.8,2,192.168.1.1,21.22
2025-11-27 10:13:10,8.8.8.8,5,176.52.253.97,48.22
2025-11-27 10:13:24,8.8.8.8,7,108.170.225.251,31.48
2025-11-27 10:13:26,8.8.8.8,8,142.250.46.165,26.61
2025-11-27 10:13:28,8.8.8.8,9,8.8.8.8,19.22
2025-11-27 10:18:30,8.8.8.8,1,192.168.68.1,34.02
2025-11-27 10:18:33,8.8.8.8,2,192.168.1.1,15.16
2025-11-27 10:18:59,8.8.8.8,5,176.52.253.97,35.51
2025-11-27 10:19:13,8.8.8.8,7,108.170.225.251,22.50
2025-11-27 10:19:15,8.8.8.8,8,142.250.46.165,19.70
2025-11-27 10:19:17,8.8.8.8,9,8.8.8.8,19.48
2025-11-27 10:24:19,8.8.8.8,1,192.168.68.1,32.29
2025-11-27 10:24:21,8.8.8.8,2,192.168.1.1,14.36
2025-11-27 10:24:47,8.8.8.8,5,176.52.253.97,57.24
2025-11-27 10:25:01,8.8.8.8,7,108.170.225.251,39.41
2025-11-27 10:25:03,8.8.8.8,8,142.250.46.165,20.44
2025-11-27 10:25:05,8.8.8.8,9,8.8.8.8,18.80
2025-11-27 10:30:08,8.8.8.8,1,192.168.68.1,34.41
2025-11-27 10:30:10,8.8.8.8,2,192.168.1.1,14.99
2025-11-27 10:30:36,8.8.8.8,5,176.52.253.97,28.47
2025-11-27 10:30:50,8.8.8.8,7,108.170.225.251,42.80
2025-11-27 10:30:52,8.8.8.8,8,142.250.46.165,38.10
2025-11-27 10:30:54,8.8.8.8,9,8.8.8.8,22.19
2025-11-27 10:35:56,8.8.8.8,1,192.168.68.1,43.31
2025-11-27 10:35:58,8.8.8.8,2,192.168.1.1,15.11
2025-11-27 10:36:24,8.8.8.8,5,176.52.253.97,47.78
2025-11-27 10:36:38,8.8.8.8,7,108.170.225.251,29.81
2025-11-27 10:36:40,8.8.8.8,8,142.250.46.165,20.34
2025-11-27 10:36:42,8.8.8.8,9,8.8.8.8,19.73
2025-11-27 10:41:44,8.8.8.8,1,192.168.68.1,33.63
2025-11-27 10:41:47,8.8.8.8,2,192.168.1.1,14.77
2025-11-27 10:42:13,8.8.8.8,5,176.52.253.97,41.37
2025-11-27 10:42:27,8.8.8.8,7,108.170.225.251,24.80
2025-11-27 10:42:29,8.8.8.8,8,142.250.46.165,20.34
2025-11-27 10:42:31,8.8.8.8,9,8.8.8.8,19.42
2025-11-27 10:47:33,8.8.8.8,1,192.168.68.1,35.62
2025-11-27 10:47:35,8.8.8.8,2,192.168.1.1,15.15
2025-11-27 10:48:01,8.8.8.8,5,176.52.253.97,37.69
2025-11-27 10:48:15,8.8.8.8,7,108.170.225.251,23.80
2025-11-27 10:48:17,8.8.8.8,8,142.250.46.165,23.82
2025-11-27 10:48:19,8.8.8.8,9,8.8.8.8,21.12
2025-11-27 10:53:21,8.8.8.8,1,192.168.68.1,3.44
2025-11-27 10:53:23,8.8.8.8,2,192.168.1.1,2.78
2025-11-27 10:53:50,8.8.8.8,5,176.52.253.97,41.67
2025-11-27 10:54:04,8.8.8.8,7,108.170.225.251,15.19
2025-11-27 10:54:06,8.8.8.8,8,142.250.46.165,16.54
2025-11-27 10:54:08,8.8.8.8,9,8.8.8.8,13.66
2025-11-27 10:59:10,8.8.8.8,1,192.168.68.1,3.91
2025-11-27 10:59:12,8.8.8.8,2,192.168.1.1,3.48
2025-11-27 10:59:38,8.8.8.8,5,176.52.253.97,13.96
2025-11-27 10:59:52,8.8.8.8,7,108.170.225.251,14.92
2025-11-27 10:59:54,8.8.8.8,8,142.250.46.165,14.33
2025-11-27 10:59:56,8.8.8.8,9,8.8.8.8,14.29
2025-11-27 11:04:58,8.8.8.8,1,192.168.68.1,4.88
2025-11-27 11:05:00,8.8.8.8,2,192.168.1.1,5.16
2025-11-27 11:05:26,8.8.8.8,5,176.52.253.97,13.78
2025-11-27 11:05:40,8.8.8.8,7,108.170.225.251,14.93
2025-11-27 11:05:42,8.8.8.8,8,142.250.46.165,15.01
2025-11-27 11:05:44,8.8.8.8,9,8.8.8.8,14.02
2025-11-27 11:10:46,8.8.8.8,1,192.168.68.1,4.08
2025-11-27 11:10:48,8.8.8.8,2,192.168.1.1,10.85
2025-11-27 11:11:15,8.8.8.8,5,176.52.253.97,16.31
2025-11-27 11:11:29,8.8.8.8,7,108.170.225.251,16.06
2025-11-27 11:11:31,8.8.8.8,8,142.250.46.165,15.00
2025-11-27 11:11:33,8.8.8.8,9,8.8.8.8,14.70
2025-11-27 11:16:35,8.8.8.8,1,192.168.68.1,3.77
2025-11-27 11:16:37,8.8.8.8,2,192.168.1.1,4.02
2025-11-27 11:17:03,8.8.8.8,5,176.52.253.97,22.27
2025-11-27 11:17:17,8.8.8.8,7,108.170.225.251,16.41
2025-11-27 11:17:19,8.8.8.8,8,142.250.46.165,15.79
2025-11-27 11:17:21,8.8.8.8,9,8.8.8.8,14.28
2025-11-27 11:22:23,8.8.8.8,1,192.168.68.1,6.71
2025-11-27 11:22:25,8.8.8.8,2,192.168.1.1,10.04
2025-11-27 11:22:51,8.8.8.8,5,176.52.253.97,14.55
2025-11-27 11:23:05,8.8.8.8,7,108.170.225.251,17.30
2025-11-27 11:23:07,8.8.8.8,8,142.250.46.165,15.26
2025-11-27 11:23:09,8.8.8.8,9,8.8.8.8,14.78
2025-11-27 11:28:11,8.8.8.8,1,192.168.68.1,3.79
2025-11-27 11:28:13,8.8.8.8,2,192.168.1.1,4.58
2025-11-27 11:28:40,8.8.8.8,5,176.52.253.97,15.06
2025-11-27 11:28:54,8.8.8.8,7,108.170.225.251,14.89
2025-11-27 11:28:56,8.8.8.8,8,142.250.46.165,15.30
2025-11-27 11:28:58,8.8.8.8,9,8.8.8.8,14.39
2025-11-27 11:34:00,8.8.8.8,1,192.168.68.1,4.63
2025-11-27 11:34:02,8.8.8.8,2,192.168.1.1,4.62
2025-11-27 11:34:28,8.8.8.8,5,176.52.253.97,15.65
2025-11-27 11:34:42,8.8.8.8,7,108.170.225.251,16.87
2025-11-27 11:34:44,8.8.8.8,8,142.250.46.165,19.15
2025-11-27 11:34:46,8.8.8.8,9,8.8.8.8,28.81
2025-11-27 11:39:48,8.8.8.8,1,192.168.68.1,50.84
2025-11-27 11:39:50,8.8.8.8,2,192.168.1.1,4.04
2025-11-27 11:40:16,8.8.8.8,5,176.52.253.97,15.95
2025-11-27 11:40:30,8.8.8.8,7,108.170.225.251,14.46
2025-11-27 11:40:32,8.8.8.8,8,142.250.46.165,15.24
2025-11-27 11:40:34,8.8.8.8,9,8.8.8.8,21.52
2025-11-27 11:45:36,8.8.8.8,1,192.168.68.1,5.13
2025-11-27 11:45:38,8.8.8.8,2,192.168.1.1,3.19
2025-11-27 11:46:05,8.8.8.8,5,176.52.253.97,16.63
2025-11-27 11:46:19,8.8.8.8,7,108.170.225.251,16.09
2025-11-27 11:46:21,8.8.8.8,8,142.250.46.165,16.02
2025-11-27 11:46:23,8.8.8.8,9,8.8.8.8,14.90
2025-11-27 11:51:25,8.8.8.8,1,192.168.68.1,4.20
2025-11-27 11:51:27,8.8.8.8,2,192.168.1.1,6.28
2025-11-27 11:51:53,8.8.8.8,5,176.52.253.97,12.96
2025-11-27 11:52:07,8.8.8.8,7,108.170.225.251,16.02
2025-11-27 11:52:09,8.8.8.8,8,142.250.46.165,15.09
2025-11-27 11:52:11,8.8.8.8,9,8.8.8.8,14.32
2025-11-27 11:57:13,8.8.8.8,1,192.168.68.1,4.36
2025-11-27 11:57:15,8.8.8.8,2,192.168.1.1,3.54
2025-11-27 11:57:41,8.8.8.8,5,176.52.253.97,14.87
2025-11-27 11:57:55,8.8.8.8,7,108.170.225.251,16.38
2025-11-27 11:57:57,8.8.8.8,8,142.250.46.165,15.32
2025-11-27 11:57:59,8.8.8.8,9,8.8.8.8,15.89
2025-11-27 12:03:01,8.8.8.8,1,192.168.68.1,23.80
2025-11-27 12:03:03,8.8.8.8,2,192.168.1.1,13.69
2025-11-27 12:03:30,8.8.8.8,5,176.52.253.97,60.78
2025-11-27 12:03:44,8.8.8.8,7,108.170.225.251,49.34
2025-11-27 12:03:46,8.8.8.8,8,142.250.46.165,45.64
2025-11-27 12:03:48,8.8.8.8,9,8.8.8.8,89.30
2025-11-27 12:08:50,8.8.8.8,1,192.168.68.1,2.83
2025-11-27 12:08:52,8.8.8.8,2,192.168.1.1,4.97
2025-11-27 12:09:18,8.8.8.8,5,176.52.253.97,15.94
2025-11-27 12:09:32,8.8.8.8,7,108.170.225.251,22.48
2025-11-27 12:09:34,8.8.8.8,8,142.250.46.165,14.34
2025-11-27 12:09:36,8.8.8.8,9,8.8.8.8,14.37
2025-11-27 12:14:38,8.8.8.8,1,192.168.68.1,68.82
2025-11-27 12:14:40,8.8.8.8,2,192.168.1.1,28.86
2025-11-27 12:15:06,8.8.8.8,5,176.52.253.97,42.24
2025-11-27 12:15:21,8.8.8.8,7,108.170.225.251,27.58
2025-11-27 12:15:23,8.8.8.8,8,142.250.46.165,39.43
2025-11-27 12:15:25,8.8.8.8,9,8.8.8.8,29.05
2025-11-27 12:20:27,8.8.8.8,1,192.168.68.1,33.34
2025-11-27 12:20:29,8.8.8.8,2,192.168.1.1,14.30
2025-11-27 12:20:55,8.8.8.8,5,176.52.253.97,13.43
2025-11-27 12:21:09,8.8.8.8,7,108.170.225.251,49.03
2025-11-27 12:21:11,8.8.8.8,8,142.250.46.165,44.76
2025-11-27 12:21:13,8.8.8.8,9,8.8.8.8,42.97
2025-11-27 12:26:15,8.8.8.8,1,192.168.68.1,29.73
2025-11-27 12:26:17,8.8.8.8,2,192.168.1.1,12.57
2025-11-27 12:26:44,8.8.8.8,5,176.52.253.97,61.75
2025-11-27 12:26:58,8.8.8.8,7,108.170.225.251,45.26
2025-11-27 12:27:00,8.8.8.8,8,142.250.46.165,45.12
2025-11-27 12:27:02,8.8.8.8,9,8.8.8.8,44.90
2025-11-27 12:32:04,8.8.8.8,1,192.168.68.1,29.93
2025-11-27 12:32:06,8.8.8.8,2,192.168.1.1,13.84
2025-11-27 12:32:32,8.8.8.8,5,176.52.253.97,31.02
2025-11-27 12:32:46,8.8.8.8,7,108.170.225.251,35.26
2025-11-27 12:32:48,8.8.8.8,8,142.250.46.165,100.12
2025-11-27 12:32:50,8.8.8.8,9,8.8.8.8,74.46
2025-11-27 12:37:52,8.8.8.8,1,192.168.68.1,23.20
2025-11-27 12:37:54,8.8.8.8,2,192.168.1.1,20.98
2025-11-27 12:38:21,8.8.8.8,5,176.52.253.97,70.96
2025-11-27 12:38:35,8.8.8.8,7,108.170.225.251,32.79
2025-11-27 12:38:37,8.8.8.8,8,142.250.46.165,46.07
2025-11-27 12:38:39,8.8.8.8,9,8.8.8.8,43.30
2025-11-27 12:43:41,8.8.8.8,1,192.168.68.1,33.03
2025-11-27 12:43:43,8.8.8.8,2,192.168.1.1,26.34
2025-11-27 12:44:09,8.8.8.8,5,176.52.253.97,68.03
2025-11-27 12:44:23,8.8.8.8,7,108.170.225.251,51.37
2025-11-27 12:44:25,8.8.8.8,8,142.250.46.165,22.38
2025-11-27 12:44:27,8.8.8.8,9,8.8.8.8,21.89
2025-11-27 12:49:29,8.8.8.8,1,192.168.68.1,33.08
2025-11-27 12:49:31,8.8.8.8,2,192.168.1.1,15.59
2025-11-27 12:49:58,8.8.8.8,5,176.52.253.97,62.06
2025-11-27 12:50:12,8.8.8.8,7,108.170.225.251,50.62
2025-11-27 12:50:14,8.8.8.8,8,142.250.46.165,45.66
2025-11-27 12:50:16,8.8.8.8,9,8.8.8.8,41.78
2025-11-27 12:55:18,8.8.8.8,1,192.168.68.1,46.17
2025-11-27 12:55:20,8.8.8.8,2,192.168.1.1,45.35
2025-11-27 12:55:46,8.8.8.8,5,176.52.253.97,60.35
2025-11-27 12:56:00,8.8.8.8,7,108.170.225.251,48.49
2025-11-27 12:56:02,8.8.8.8,8,142.250.46.165,46.51
2025-11-27 12:56:04,8.8.8.8,9,8.8.8.8,43.81
2025-11-27 13:01:06,8.8.8.8,1,192.168.68.1,32.70
2025-11-27 13:01:09,8.8.8.8,2,192.168.1.1,43.21
2025-11-27 13:01:35,8.8.8.8,5,176.52.253.97,58.68
2025-11-27 13:01:49,8.8.8.8,7,108.170.225.251,15.91
2025-11-27 13:01:51,8.8.8.8,8,142.250.46.165,89.00
2025-11-27 13:01:53,8.8.8.8,9,8.8.8.8,14.43
2025-11-27 13:06:55,8.8.8.8,1,192.168.68.1,40.01
2025-11-27 13:06:57,8.8.8.8,2,192.168.1.1,20.96
2025-11-27 13:07:23,8.8.8.8,5,176.52.253.97,23.61
2025-11-27 13:07:37,8.8.8.8,7,108.170.225.251,38.75
2025-11-27 13:07:39,8.8.8.8,8,142.250.46.165,46.08
2025-11-27 13:07:41,8.8.8.8,9,8.8.8.8,42.71
2025-11-27 13:12:43,8.8.8.8,1,192.168.68.1,33.35
2025-11-27 13:12:45,8.8.8.8,2,192.168.1.1,45.32
2025-11-27 13:13:12,8.8.8.8,5,176.52.253.97,74.61
2025-11-27 13:13:26,8.8.8.8,7,108.170.225.251,35.52
2025-11-27 13:13:28,8.8.8.8,8,142.250.46.165,45.40
2025-11-27 13:13:30,8.8.8.8,9,8.8.8.8,45.78
2025-11-27 13:18:32,8.8.8.8,1,192.168.68.1,35.61
2025-11-27 13:18:34,8.8.8.8,2,192.168.1.1,43.32
2025-11-27 13:19:00,8.8.8.8,5,176.52.253.97,75.30
2025-11-27 13:19:14,8.8.8.8,7,108.170.225.251,34.50
2025-11-27 13:19:16,8.8.8.8,8,142.250.46.165,47.22
2025-11-27 13:19:18,8.8.8.8,9,8.8.8.8,42.03
2025-11-27 13:24:21,8.8.8.8,1,192.168.68.1,33.97
2025-11-27 13:24:23,8.8.8.8,2,192.168.1.1,15.65
2025-11-27 13:24:49,8.8.8.8,5,176.52.253.97,155.96
2025-11-27 13:25:03,8.8.8.8,7,108.170.225.251,61.47
2025-11-27 13:25:05,8.8.8.8,8,142.250.46.165,45.86
2025-11-27 13:25:07,8.8.8.8,9,8.8.8.8,45.07
2025-11-27 13:30:09,8.8.8.8,1,192.168.68.1,35.00
2025-11-27 13:30:11,8.8.8.8,2,192.168.1.1,43.93
2025-11-27 13:30:37,8.8.8.8,5,176.52.253.97,41.82
2025-11-27 13:30:52,8.8.8.8,7,108.170.225.251,99.09
2025-11-27 13:30:54,8.8.8.8,8,142.250.46.165,48.50
2025-11-27 13:30:56,8.8.8.8,9,8.8.8.8,49.00
2025-11-27 13:35:58,8.8.8.8,1,192.168.68.1,24.31
2025-11-27 13:36:00,8.8.8.8,2,192.168.1.1,45.55
2025-11-27 13:36:26,8.8.8.8,5,176.52.253.97,81.06
2025-11-27 13:36:40,8.8.8.8,7,108.170.225.251,15.47
2025-11-27 13:36:42,8.8.8.8,8,142.250.46.165,48.96
2025-11-27 13:36:44,8.8.8.8,9,8.8.8.8,43.94
2025-11-27 13:41:46,8.8.8.8,1,192.168.68.1,3.20
2025-11-27 13:41:48,8.8.8.8,2,192.168.1.1,3.08
2025-11-27 13:42:14,8.8.8.8,5,176.52.253.97,14.92
2025-11-27 13:42:28,8.8.8.8,7,108.170.225.251,14.60
2025-11-27 13:42:31,8.8.8.8,8,142.250.46.165,14.80
2025-11-27 13:42:33,8.8.8.8,9,8.8.8.8,14.74
2025-11-27 13:47:35,8.8.8.8,1,192.168.68.1,4.21
2025-11-27 13:47:37,8.8.8.8,2,192.168.1.1,2.94
2025-11-27 13:48:03,8.8.8.8,5,176.52.253.97,15.28
2025-11-27 13:48:17,8.8.8.8,7,108.170.225.251,18.71
2025-11-27 13:48:19,8.8.8.8,8,142.250.46.165,14.93
2025-11-27 13:48:21,8.8.8.8,9,8.8.8.8,16.26
2025-11-27 13:53:23,8.8.8.8,1,192.168.68.1,5.07
2025-11-27 13:53:25,8.8.8.8,2,192.168.1.1,3.19
2025-11-27 13:53:51,8.8.8.8,5,176.52.253.97,49.72
2025-11-27 13:54:05,8.8.8.8,7,108.170.225.251,15.88
2025-11-27 13:54:07,8.8.8.8,8,142.250.46.165,15.00
2025-11-27 13:54:09,8.8.8.8,9,8.8.8.8,14.31
2025-11-27 13:59:11,8.8.8.8,1,192.168.68.1,4.56
2025-11-27 13:59:13,8.8.8.8,2,192.168.1.1,2.85
2025-11-27 13:59:39,8.8.8.8,5,176.52.253.97,15.07
2025-11-27 13:59:53,8.8.8.8,7,108.170.225.251,14.34
2025-11-27 13:59:55,8.8.8.8,8,142.250.46.165,24.35
2025-11-27 13:59:58,8.8.8.8,9,8.8.8.8,13.77
2025-11-27 14:05:00,8.8.8.8,1,192.168.68.1,4.91
2025-11-27 14:05:02,8.8.8.8,2,192.168.1.1,13.17
2025-11-27 14:05:28,8.8.8.8,5,176.52.253.97,15.26
2025-11-27 14:05:42,8.8.8.8,7,108.170.225.251,15.73
2025-11-27 14:05:44,8.8.8.8,8,142.250.46.165,24.97
2025-11-27 14:05:46,8.8.8.8,9,8.8.8.8,18.43
2025-11-27 14:10:48,8.8.8.8,1,192.168.68.1,29.38
2025-11-27 14:10:50,8.8.8.8,2,192.168.1.1,74.92
2025-11-27 14:11:16,8.8.8.8,5,176.52.253.97,16.17
2025-11-27 14:11:30,8.8.8.8,7,108.170.225.251,33.40
2025-11-27 14:11:32,8.8.8.8,8,142.250.46.165,75.90
2025-11-27 14:11:34,8.8.8.8,9,8.8.8.8,70.12
2025-11-27 14:16:36,8.8.8.8,1,192.168.68.1,19.65
2025-11-27 14:16:38,8.8.8.8,2,192.168.1.1,12.15
2025-11-27 14:17:04,8.8.8.8,5,176.52.253.97,16.70
2025-11-27 14:17:19,8.8.8.8,7,108.170.225.251,43.29
2025-11-27 14:17:21,8.8.8.8,8,142.250.46.165,78.92
2025-11-27 14:17:23,8.8.8.8,9,8.8.8.8,78.18
2025-11-27 14:22:25,8.8.8.8,1,192.168.68.1,4.16
2025-11-27 14:22:27,8.8.8.8,2,192.168.1.1,23.05
2025-11-27 14:22:53,8.8.8.8,5,176.52.253.97,13.18
2025-11-27 14:23:07,8.8.8.8,7,108.170.225.251,17.57
2025-11-27 14:23:09,8.8.8.8,8,142.250.46.165,32.63
2025-11-27 14:23:11,8.8.8.8,9,8.8.8.8,14.36
2025-11-27 14:28:13,8.8.8.8,1,192.168.68.1,51.38
2025-11-27 14:28:15,8.8.8.8,2,192.168.1.1,14.74
2025-11-27 14:28:41,8.8.8.8,5,176.52.253.97,14.55
2025-11-27 14:28:55,8.8.8.8,7,108.170.225.251,55.02
2025-11-27 14:28:57,8.8.8.8,8,142.250.46.165,14.08
2025-11-27 14:28:59,8.8.8.8,9,8.8.8.8,13.80
2025-11-27 14:34:02,8.8.8.8,1,192.168.68.1,4.31
2025-11-27 14:34:04,8.8.8.8,2,192.168.1.1,3.25
2025-11-27 14:34:30,8.8.8.8,5,176.52.253.97,17.52
2025-11-27 14:34:44,8.8.8.8,7,108.170.225.251,15.25
2025-11-27 14:34:46,8.8.8.8,8,142.250.46.165,41.55
2025-11-27 14:34:48,8.8.8.8,9,8.8.8.8,55.84
2025-11-27 14:39:50,8.8.8.8,1,192.168.68.1,39.28
2025-11-27 14:39:52,8.8.8.8,2,192.168.1.1,2.95
2025-11-27 14:40:18,8.8.8.8,5,176.52.253.97,20.32
2025-11-27 14:40:32,8.8.8.8,7,108.170.225.251,21.84
2025-11-27 14:40:34,8.8.8.8,8,142.250.46.165,14.77
2025-11-27 14:40:36,8.8.8.8,9,8.8.8.8,13.91
2025-11-27 14:45:38,8.8.8.8,1,192.168.68.1,3.37
2025-11-27 14:45:40,8.8.8.8,2,192.168.1.1,4.19
2025-11-27 14:46:06,8.8.8.8,5,176.52.253.97,15.06
2025-11-27 14:46:21,8.8.8.8,7,108.170.225.251,16.36
2025-11-27 14:46:23,8.8.8.8,8,142.250.46.165,15.83
2025-11-27 14:46:25,8.8.8.8,9,8.8.8.8,20.99
2025-11-27 14:51:27,8.8.8.8,1,192.168.68.1,3.17
2025-11-27 14:51:29,8.8.8.8,2,192.168.1.1,3.64
2025-11-27 14:51:55,8.8.8.8,5,176.52.253.97,15.32
2025-11-27 14:52:09,8.8.8.8,7,108.170.225.251,15.34
2025-11-27 14:52:11,8.8.8.8,8,142.250.46.165,14.81
2025-11-27 14:52:13,8.8.8.8,9,8.8.8.8,14.77
2025-11-27 14:57:15,8.8.8.8,1,192.168.68.1,4.25
2025-11-27 14:57:17,8.8.8.8,2,192.168.1.1,3.96
2025-11-27 14:57:43,8.8.8.8,5,176.52.253.97,14.46
2025-11-27 14:57:57,8.8.8.8,7,108.170.225.251,24.36
2025-11-27 14:57:59,8.8.8.8,8,142.250.46.165,15.08
2025-11-27 14:58:01,8.8.8.8,9,8.8.8.8,13.77
2025-11-27 15:03:03,8.8.8.8,1,192.168.68.1,3.86
2025-11-27 15:03:05,8.8.8.8,2,192.168.1.1,2.97
2025-11-27 15:03:31,8.8.8.8,5,176.52.253.97,15.88
2025-11-27 15:03:46,8.8.8.8,7,108.170.225.251,14.61
2025-11-27 15:03:48,8.8.8.8,8,142.250.46.165,28.21
2025-11-27 15:03:50,8.8.8.8,9,8.8.8.8,56.73
2025-11-27 15:08:52,8.8.8.8,1,192.168.68.1,27.84
2025-11-27 15:08:54,8.8.8.8,2,192.168.1.1,2.79
2025-11-27 15:09:20,8.8.8.8,5,176.52.253.97,22.82
2025-11-27 15:09:34,8.8.8.8,7,108.170.225.251,15.53
2025-11-27 15:09:36,8.8.8.8,8,142.250.46.165,16.75
2025-11-27 15:09:38,8.8.8.8,9,8.8.8.8,15.34
2025-11-27 15:14:40,8.8.8.8,1,192.168.68.1,3.35
2025-11-27 15:14:42,8.8.8.8,2,192.168.1.1,2.91
2025-11-27 15:15:08,8.8.8.8,5,176.52.253.97,16.07
2025-11-27 15:15:22,8.8.8.8,7,108.170.225.251,15.80
2025-11-27 15:15:24,8.8.8.8,8,142.250.46.165,15.75
2025-11-27 15:15:26,8.8.8.8,9,8.8.8.8,14.39
2025-11-27 15:20:28,8.8.8.8,1,192.168.68.1,3.27
2025-11-27 15:20:30,8.8.8.8,2,192.168.1.1,3.28
2025-11-27 15:20:57,8.8.8.8,5,176.52.253.97,17.35
2025-11-27 15:21:11,8.8.8.8,7,108.170.225.251,17.48
2025-11-27 15:21:13,8.8.8.8,8,142.250.46.165,15.64
2025-11-27 15:21:15,8.8.8.8,9,8.8.8.8,15.97
2025-11-27 15:26:17,8.8.8.8,1,192.168.68.1,3.15
2025-11-27 15:26:19,8.8.8.8,2,192.168.1.1,3.64
2025-11-27 15:26:45,8.8.8.8,5,176.52.253.97,16.06
2025-11-27 15:26:59,8.8.8.8,7,108.170.225.251,16.24
2025-11-27 15:27:01,8.8.8.8,8,142.250.46.165,14.86
2025-11-27 15:27:03,8.8.8.8,9,8.8.8.8,15.33
2025-11-27 15:32:05,8.8.8.8,1,192.168.68.1,7.29
2025-11-27 15:32:07,8.8.8.8,2,192.168.1.1,3.14
2025-11-27 15:32:33,8.8.8.8,5,176.52.253.97,15.57
2025-11-27 15:32:47,8.8.8.8,7,108.170.225.251,45.47
2025-11-27 15:32:49,8.8.8.8,8,142.250.46.165,31.18
2025-11-27 15:32:51,8.8.8.8,9,8.8.8.8,16.61
2025-11-27 15:37:53,8.8.8.8,1,192.168.68.1,5.70
2025-11-27 15:37:55,8.8.8.8,2,192.168.1.1,3.86
2025-11-27 15:38:22,8.8.8.8,5,176.52.253.97,17.36
2025-11-27 15:38:36,8.8.8.8,7,108.170.225.251,16.80
2025-11-27 15:38:38,8.8.8.8,8,142.250.46.165,18.59
2025-11-27 15:38:40,8.8.8.8,9,8.8.8.8,14.26
2025-11-27 15:43:42,8.8.8.8,1,192.168.68.1,5.35
2025-11-27 15:43:44,8.8.8.8,2,192.168.1.1,3.19
2025-11-27 15:44:10,8.8.8.8,5,176.52.253.97,14.28
2025-11-27 15:44:24,8.8.8.8,7,108.170.225.251,16.34
2025-11-27 15:44:26,8.8.8.8,8,142.250.46.165,17.56
2025-11-27 15:44:28,8.8.8.8,9,8.8.8.8,16.43
2025-11-27 15:49:30,8.8.8.8,1,192.168.68.1,5.81
2025-11-27 15:49:32,8.8.8.8,2,192.168.1.1,3.04
2025-11-27 15:49:58,8.8.8.8,5,176.52.253.97,18.51
2025-11-27 15:50:12,8.8.8.8,7,108.170.225.251,15.71
2025-11-27 15:50:14,8.8.8.8,8,142.250.46.165,15.24
2025-11-27 15:50:16,8.8.8.8,9,8.8.8.8,13.98
2025-11-27 15:55:18,8.8.8.8,1,192.168.68.1,5.43
2025-11-27 15:55:21,8.8.8.8,2,192.168.1.1,4.01
2025-11-27 15:55:47,8.8.8.8,5,176.52.253.97,17.34
2025-11-27 15:56:01,8.8.8.8,7,108.170.225.251,16.49
2025-11-27 15:56:03,8.8.8.8,8,142.250.46.165,14.98
2025-11-27 15:56:05,8.8.8.8,9,8.8.8.8,18.26
2025-11-27 16:01:07,8.8.8.8,1,192.168.68.1,5.07
2025-11-27 16:01:09,8.8.8.8,2,192.168.1.1,2.89
2025-11-27 16:01:35,8.8.8.8,5,176.52.253.97,15.58
2025-11-27 16:01:49,8.8.8.8,7,108.170.225.251,54.20
2025-11-27 16:01:51,8.8.8.8,8,142.250.46.165,14.87
2025-11-27 16:01:53,8.8.8.8,9,8.8.8.8,13.82
2025-11-27 16:06:55,8.8.8.8,1,192.168.68.1,2.77
2025-11-27 16:06:57,8.8.8.8,2,192.168.1.1,7.45
2025-11-27 16:07:23,8.8.8.8,5,176.52.253.97,15.11
2025-11-27 16:07:38,8.8.8.8,7,108.170.225.251,16.82
2025-11-27 16:07:40,8.8.8.8,8,142.250.46.165,19.65
2025-11-27 16:07:42,8.8.8.8,9,8.8.8.8,26.87
2025-11-27 16:12:44,8.8.8.8,1,192.168.68.1,6.84
2025-11-27 16:12:46,8.8.8.8,2,192.168.1.1,5.73
2025-11-27 16:13:12,8.8.8.8,5,176.52.253.97,14.39
2025-11-27 16:13:26,8.8.8.8,7,108.170.225.251,21.84
2025-11-27 16:13:28,8.8.8.8,8,142.250.46.165,17.31
2025-11-27 16:13:30,8.8.8.8,9,8.8.8.8,19.68
2025-11-27 16:18:32,8.8.8.8,1,192.168.68.1,6.59
2025-11-27 16:18:34,8.8.8.8,2,192.168.1.1,5.04
2025-11-27 16:19:00,8.8.8.8,5,176.52.253.97,29.78
2025-11-27 16:19:14,8.8.8.8,7,108.170.225.251,19.52
2025-11-27 16:19:16,8.8.8.8,8,142.250.46.165,15.41
2025-11-27 16:19:18,8.8.8.8,9,8.8.8.8,14.70
2025-11-27 16:24:20,8.8.8.8,1,192.168.68.1,3.89
2025-11-27 16:24:22,8.8.8.8,2,192.168.1.1,3.63
2025-11-27 16:24:49,8.8.8.8,5,176.52.253.97,35.48
2025-11-27 16:25:03,8.8.8.8,7,108.170.225.251,15.20
2025-11-27 16:25:05,8.8.8.8,8,142.250.46.165,14.64
2025-11-27 16:25:07,8.8.8.8,9,8.8.8.8,19.98
2025-11-27 16:30:09,8.8.8.8,1,192.168.68.1,6.77
2025-11-27 16:30:11,8.8.8.8,2,192.168.1.1,4.42
2025-11-27 16:30:37,8.8.8.8,5,176.52.253.97,14.74
2025-11-27 16:30:51,8.8.8.8,7,108.170.225.251,67.71
2025-11-27 16:30:53,8.8.8.8,8,142.250.46.165,16.58
2025-11-27 16:30:55,8.8.8.8,9,8.8.8.8,14.41
2025-11-27 16:35:57,8.8.8.8,1,192.168.68.1,3.70
2025-11-27 16:35:59,8.8.8.8,2,192.168.1.1,4.81
2025-11-27 16:36:25,8.8.8.8,5,176.52.253.97,17.05
2025-11-27 16:36:39,8.8.8.8,7,108.170.225.251,16.68
2025-11-27 16:36:41,8.8.8.8,8,142.250.46.165,20.58
2025-11-27 16:36:43,8.8.8.8,9,8.8.8.8,14.55
2025-11-27 16:41:45,8.8.8.8,1,192.168.68.1,5.20
2025-11-27 16:41:47,8.8.8.8,2,192.168.1.1,6.64
2025-11-27 16:42:14,8.8.8.8,5,176.52.253.97,19.79
2025-11-27 16:42:28,8.8.8.8,7,108.170.225.251,15.34
2025-11-27 16:42:30,8.8.8.8,8,142.250.46.165,18.51
2025-11-27 16:42:32,8.8.8.8,9,8.8.8.8,16.33
2025-11-27 16:47:34,8.8.8.8,1,192.168.68.1,11.30
2025-11-27 16:47:36,8.8.8.8,2,192.168.1.1,5.08
2025-11-27 16:48:02,8.8.8.8,5,176.52.253.97,18.20
2025-11-27 16:48:16,8.8.8.8,7,108.170.225.251,14.94
2025-11-27 16:48:18,8.8.8.8,8,142.250.46.165,16.87
2025-11-27 16:48:20,8.8.8.8,9,8.8.8.8,14.71
2025-11-27 16:53:22,8.8.8.8,1,192.168.68.1,13.11
2025-11-27 16:53:24,8.8.8.8,2,192.168.1.1,6.12
2025-11-27 16:53:50,8.8.8.8,5,176.52.253.97,69.80
2025-11-27 16:54:04,8.8.8.8,7,108.170.225.251,15.70
2025-11-27 16:54:06,8.8.8.8,8,142.250.46.165,19.53
2025-11-27 16:54:08,8.8.8.8,9,8.8.8.8,21.77
2025-11-27 16:59:10,8.8.8.8,1,192.168.68.1,5.23
2025-11-27 16:59:12,8.8.8.8,2,192.168.1.1,16.11
2025-11-27 16:59:39,8.8.8.8,5,176.52.253.97,19.30
2025-11-27 16:59:53,8.8.8.8,7,108.170.225.251,16.75
2025-11-27 16:59:55,8.8.8.8,8,142.250.46.165,19.24
2025-11-27 16:59:57,8.8.8.8,9,8.8.8.8,17.52
2025-11-27 17:04:59,8.8.8.8,1,192.168.68.1,5.51
2025-11-27 17:05:01,8.8.8.8,2,192.168.1.1,4.56
2025-11-27 17:05:27,8.8.8.8,5,176.52.253.97,15.58
2025-11-27 17:05:41,8.8.8.8,7,108.170.225.251,16.23
2025-11-27 17:05:43,8.8.8.8,8,142.250.46.165,21.94
2025-11-27 17:05:45,8.8.8.8,9,8.8.8.8,19.57
2025-11-27 17:10:47,8.8.8.8,1,192.168.68.1,38.34
2025-11-27 17:10:49,8.8.8.8,2,192.168.1.1,13.22
2025-11-27 17:11:15,8.8.8.8,5,176.52.253.97,21.23
2025-11-27 17:11:30,8.8.8.8,7,108.170.225.251,16.59
2025-11-27 17:11:32,8.8.8.8,8,142.250.46.165,18.83
2025-11-27 17:11:34,8.8.8.8,9,8.8.8.8,13.55
2025-11-27 17:16:36,8.8.8.8,1,192.168.68.1,5.98
2025-11-27 17:16:38,8.8.8.8,2,192.168.1.1,3.43
2025-11-27 17:17:04,8.8.8.8,5,176.52.253.97,20.01
2025-11-27 17:17:18,8.8.8.8,7,108.170.225.251,23.26
2025-11-27 17:17:20,8.8.8.8,8,142.250.46.165,22.89
2025-11-27 17:17:22,8.8.8.8,9,8.8.8.8,20.67
2025-11-27 17:22:24,8.8.8.8,1,192.168.68.1,6.16
2025-11-27 17:22:26,8.8.8.8,2,192.168.1.1,2.86
2025-11-27 17:22:52,8.8.8.8,5,176.52.253.97,55.16
2025-11-27 17:23:06,8.8.8.8,7,108.170.225.251,15.48
2025-11-27 17:23:08,8.8.8.8,8,142.250.46.165,19.80
2025-11-27 17:23:10,8.8.8.8,9,8.8.8.8,19.93
2025-11-27 17:28:12,8.8.8.8,1,192.168.68.1,6.84
2025-11-27 17:28:14,8.8.8.8,2,192.168.1.1,4.12
2025-11-27 17:28:41,8.8.8.8,5,176.52.253.97,22.36
2025-11-27 17:28:55,8.8.8.8,7,108.170.225.251,25.00
2025-11-27 17:28:57,8.8.8.8,8,142.250.46.165,22.51
2025-11-27 17:28:59,8.8.8.8,9,8.8.8.8,20.08
2025-11-27 17:34:01,8.8.8.8,1,192.168.68.1,6.39
2025-11-27 17:34:03,8.8.8.8,2,192.168.1.1,5.14
2025-11-27 17:34:29,8.8.8.8,5,176.52.253.97,18.97
2025-11-27 17:34:43,8.8.8.8,7,108.170.225.251,21.18
2025-11-27 17:34:45,8.8.8.8,8,142.250.46.165,16.80
2025-11-27 17:34:47,8.8.8.8,9,8.8.8.8,45.73
2025-11-27 17:39:49,8.8.8.8,1,192.168.68.1,19.48
2025-11-27 17:39:51,8.8.8.8,2,192.168.1.1,5.10
2025-11-27 17:40:17,8.8.8.8,5,176.52.253.97,13.91
2025-11-27 17:40:31,8.8.8.8,7,108.170.225.251,21.71
2025-11-27 17:40:34,8.8.8.8,8,142.250.46.165,24.49
2025-11-27 17:40:36,8.8.8.8,9,8.8.8.8,18.49
2025-11-27 17:45:38,8.8.8.8,1,192.168.68.1,9.18
2025-11-27 17:45:40,8.8.8.8,2,192.168.1.1,14.33
2025-11-27 17:46:06,8.8.8.8,5,176.52.253.97,15.49
2025-11-27 17:46:20,8.8.8.8,7,108.170.225.251,25.33
2025-11-27 17:46:22,8.8.8.8,8,142.250.46.165,24.21
2025-11-27 17:46:24,8.8.8.8,9,8.8.8.8,14.90
2025-11-27 17:51:26,8.8.8.8,1,192.168.68.1,10.41
2025-11-27 17:51:28,8.8.8.8,2,192.168.1.1,11.90
2025-11-27 17:51:54,8.8.8.8,5,176.52.253.97,19.40
2025-11-27 17:52:08,8.8.8.8,7,108.170.225.251,16.14
2025-11-27 17:52:10,8.8.8.8,8,142.250.46.165,20.08
2025-11-27 17:52:12,8.8.8.8,9,8.8.8.8,19.96
2025-11-27 17:57:14,8.8.8.8,1,192.168.68.1,5.90
2025-11-27 17:57:16,8.8.8.8,2,192.168.1.1,4.14
2025-11-27 17:57:42,8.8.8.8,5,176.52.253.97,22.56
2025-11-27 17:57:57,8.8.8.8,7,108.170.225.251,24.84
2025-11-27 17:57:59,8.8.8.8,8,142.250.46.165,21.52
2025-11-27 17:58:01,8.8.8.8,9,8.8.8.8,19.89
2025-11-27 18:03:03,8.8.8.8,1,192.168.68.1,6.46
2025-11-27 18:03:05,8.8.8.8,2,192.168.1.1,3.02
2025-11-27 18:03:31,8.8.8.8,5,176.52.253.97,18.42
2025-11-27 18:03:45,8.8.8.8,7,108.170.225.251,17.66
2025-11-27 18:03:47,8.8.8.8,8,142.250.46.165,21.09
2025-11-27 18:03:49,8.8.8.8,9,8.8.8.8,128.06
2025-11-27 18:08:51,8.8.8.8,1,192.168.68.1,47.96
2025-11-27 18:08:53,8.8.8.8,2,192.168.1.1,7.38
2025-11-27 18:09:19,8.8.8.8,5,176.52.253.97,22.30
2025-11-27 18:09:33,8.8.8.8,7,108.170.225.251,21.78
2025-11-27 18:09:35,8.8.8.8,8,142.250.46.165,22.87
2025-11-27 18:09:37,8.8.8.8,9,8.8.8.8,14.95
2025-11-27 18:14:39,8.8.8.8,1,192.168.68.1,8.70
2025-11-27 18:14:42,8.8.8.8,2,192.168.1.1,9.40
2025-11-27 18:15:08,8.8.8.8,5,176.52.253.97,30.72
2025-11-27 18:15:22,8.8.8.8,7,108.170.225.251,30.70
2025-11-27 18:15:24,8.8.8.8,8,142.250.46.165,19.43
2025-11-27 18:15:26,8.8.8.8,9,8.8.8.8,19.85
2025-11-27 18:20:28,8.8.8.8,1,192.168.68.1,16.25
2025-11-27 18:20:30,8.8.8.8,2,192.168.1.1,4.70
2025-11-27 18:20:56,8.8.8.8,5,176.52.253.97,18.72
2025-11-27 18:21:10,8.8.8.8,7,108.170.225.251,16.57
2025-11-27 18:21:12,8.8.8.8,8,142.250.46.165,21.29
2025-11-27 18:21:14,8.8.8.8,9,8.8.8.8,26.57
2025-11-27 18:26:16,8.8.8.8,1,192.168.68.1,11.71
2025-11-27 18:26:18,8.8.8.8,2,192.168.1.1,13.66
2025-11-27 18:26:44,8.8.8.8,5,176.52.253.97,34.77
2025-11-27 18:26:58,8.8.8.8,7,108.170.225.251,14.76
2025-11-27 18:27:01,8.8.8.8,8,142.250.46.165,16.92
2025-11-27 18:27:03,8.8.8.8,9,8.8.8.8,18.61
2025-11-27 18:32:05,8.8.8.8,1,192.168.68.1,16.60
2025-11-27 18:32:07,8.8.8.8,2,192.168.1.1,2.95
2025-11-27 18:32:33,8.8.8.8,5,176.52.253.97,30.36
2025-11-27 18:32:47,8.8.8.8,7,108.170.225.251,16.07
2025-11-27 18:32:49,8.8.8.8,8,142.250.46.165,108.48
2025-11-27 18:32:51,8.8.8.8,9,8.8.8.8,93.66
2025-11-27 18:37:53,8.8.8.8,1,192.168.68.1,6.67
2025-11-27 18:37:55,8.8.8.8,2,192.168.1.1,8.03
2025-11-27 18:38:21,8.8.8.8,5,176.52.253.97,20.91
2025-11-27 18:38:35,8.8.8.8,7,108.170.225.251,21.46
2025-11-27 18:38:37,8.8.8.8,8,142.250.46.165,16.05
2025-11-27 18:38:39,8.8.8.8,9,8.8.8.8,13.71
2025-11-27 18:43:41,8.8.8.8,1,192.168.68.1,15.68
2025-11-27 18:43:43,8.8.8.8,2,192.168.1.1,13.98
2025-11-27 18:44:10,8.8.8.8,5,176.52.253.97,29.16
2025-11-27 18:44:24,8.8.8.8,7,108.170.225.251,25.06
2025-11-27 18:44:26,8.8.8.8,8,142.250.46.165,21.64
2025-11-27 18:44:28,8.8.8.8,9,8.8.8.8,18.24
2025-11-27 18:49:30,8.8.8.8,1,192.168.68.1,12.00
2025-11-27 18:49:32,8.8.8.8,2,192.168.1.1,13.99
2025-11-27 18:49:58,8.8.8.8,5,176.52.253.97,14.40
2025-11-27 18:50:12,8.8.8.8,7,108.170.225.251,16.53
2025-11-27 18:50:14,8.8.8.8,8,142.250.46.165,15.20
2025-11-27 18:50:16,8.8.8.8,9,8.8.8.8,14.23
2025-11-27 18:55:18,8.8.8.8,1,192.168.68.1,12.56
2025-11-27 18:55:20,8.8.8.8,2,192.168.1.1,3.05
2025-11-27 18:55:46,8.8.8.8,5,176.52.253.97,15.45
2025-11-27 18:56:00,8.8.8.8,7,108.170.225.251,49.23
2025-11-27 18:56:03,8.8.8.8,8,142.250.46.165,16.61
2025-11-27 18:56:05,8.8.8.8,9,8.8.8.8,14.54
2025-11-27 19:01:07,8.8.8.8,1,192.168.68.1,5.37
2025-11-27 19:01:09,8.8.8.8,2,192.168.1.1,5.33
2025-11-27 19:01:35,8.8.8.8,5,176.52.253.97,16.45
2025-11-27 19:01:49,8.8.8.8,7,108.170.225.251,15.89
2025-11-27 19:01:51,8.8.8.8,8,142.250.46.165,84.58
2025-11-27 19:01:53,8.8.8.8,9,8.8.8.8,15.40
2025-11-27 19:06:55,8.8.8.8,1,192.168.68.1,3.40
2025-11-27 19:06:57,8.8.8.8,2,192.168.1.1,3.54
2025-11-27 19:07:23,8.8.8.8,5,176.52.253.97,13.82
2025-11-27 19:07:37,8.8.8.8,7,108.170.225.251,15.90
2025-11-27 19:07:39,8.8.8.8,8,142.250.46.165,14.75
2025-11-27 19:07:41,8.8.8.8,9,8.8.8.8,15.13
2025-11-27 19:12:43,8.8.8.8,1,192.168.68.1,6.68
2025-11-27 19:12:45,8.8.8.8,2,192.168.1.1,14.62
2025-11-27 19:13:11,8.8.8.8,5,176.52.253.97,20.87
2025-11-27 19:13:26,8.8.8.8,7,108.170.225.251,17.21
2025-11-27 19:13:28,8.8.8.8,8,142.250.46.165,15.06
2025-11-27 19:13:30,8.8.8.8,9,8.8.8.8,14.00
2025-11-27 19:18:32,8.8.8.8,1,192.168.68.1,2.58
2025-11-27 19:18:34,8.8.8.8,2,192.168.1.1,10.41
2025-11-27 19:19:00,8.8.8.8,5,176.52.253.97,14.54
2025-11-27 19:19:14,8.8.8.8,7,108.170.225.251,30.41
2025-11-27 19:19:16,8.8.8.8,8,142.250.46.165,20.45
2025-11-27 19:19:18,8.8.8.8,9,8.8.8.8,33.56
2025-11-27 19:24:20,8.8.8.8,1,192.168.68.1,16.32
2025-11-27 19:24:22,8.8.8.8,2,192.168.1.1,23.20
2025-11-27 19:24:48,8.8.8.8,5,176.52.253.97,50.97
2025-11-27 19:25:02,8.8.8.8,7,108.170.225.251,22.85
2025-11-27 19:25:04,8.8.8.8,8,142.250.46.165,21.85
2025-11-27 19:25:06,8.8.8.8,9,8.8.8.8,14.22
2025-11-27 19:30:08,8.8.8.8,1,192.168.68.1,11.19
2025-11-27 19:30:10,8.8.8.8,2,192.168.1.1,3.27
2025-11-27 19:30:37,8.8.8.8,5,176.52.253.97,15.62
2025-11-27 19:30:51,8.8.8.8,7,108.170.225.251,105.04
2025-11-27 19:30:53,8.8.8.8,8,142.250.46.165,26.16
2025-11-27 19:30:55,8.8.8.8,9,8.8.8.8,19.72
2025-11-27 19:35:57,8.8.8.8,1,192.168.68.1,8.90
2025-11-27 19:35:59,8.8.8.8,2,192.168.1.1,4.59
2025-11-27 19:36:25,8.8.8.8,5,176.52.253.97,13.86
2025-11-27 19:36:39,8.8.8.8,7,108.170.225.251,25.16
2025-11-27 19:36:41,8.8.8.8,8,142.250.46.165,20.52
2025-11-27 19:36:43,8.8.8.8,9,8.8.8.8,25.12
2025-11-27 19:41:45,8.8.8.8,1,192.168.68.1,22.43
2025-11-27 19:41:47,8.8.8.8,2,192.168.1.1,29.99
2025-11-27 19:42:13,8.8.8.8,5,176.52.253.97,32.74
2025-11-27 19:42:28,8.8.8.8,7,108.170.225.251,30.86
2025-11-27 19:42:30,8.8.8.8,8,142.250.46.165,23.62
2025-11-27 19:42:32,8.8.8.8,9,8.8.8.8,27.30
2025-11-27 19:47:34,8.8.8.8,1,192.168.68.1,14.94
2025-11-27 19:47:36,8.8.8.8,2,192.168.1.1,5.13
2025-11-27 19:48:02,8.8.8.8,5,176.52.253.97,15.72
2025-11-27 19:48:16,8.8.8.8,7,108.170.225.251,36.43
2025-11-27 19:48:18,8.8.8.8,8,142.250.46.165,20.66
2025-11-27 19:48:20,8.8.8.8,9,8.8.8.8,19.87
2025-11-27 19:53:22,8.8.8.8,1,192.168.68.1,15.98
2025-11-27 19:53:24,8.8.8.8,2,192.168.1.1,15.35
2025-11-27 19:53:50,8.8.8.8,5,176.52.253.97,141.44
2025-11-27 19:54:04,8.8.8.8,7,108.170.225.251,20.27
2025-11-27 19:54:06,8.8.8.8,8,142.250.46.165,19.87
2025-11-27 19:54:09,8.8.8.8,9,8.8.8.8,14.30
2025-11-27 19:59:11,8.8.8.8,1,192.168.68.1,28.14
2025-11-27 19:59:13,8.8.8.8,2,192.168.1.1,3.22
2025-11-27 19:59:39,8.8.8.8,5,176.52.253.97,23.08
2025-11-27 19:59:53,8.8.8.8,7,108.170.225.251,26.60
2025-11-27 19:59:55,8.8.8.8,8,142.250.46.165,26.79
2025-11-27 19:59:57,8.8.8.8,9,8.8.8.8,22.59
2025-11-27 20:04:59,8.8.8.8,1,192.168.68.1,5.27
2025-11-27 20:05:01,8.8.8.8,2,192.168.1.1,3.93
2025-11-27 20:05:27,8.8.8.8,5,176.52.253.97,35.70
2025-11-27 20:05:41,8.8.8.8,7,108.170.225.251,23.03
2025-11-27 20:05:43,8.8.8.8,8,142.250.46.165,14.43
2025-11-27 20:05:45,8.8.8.8,9,8.8.8.8,13.99
2025-11-27 20:10:47,8.8.8.8,1,192.168.68.1,18.91
2025-11-27 20:10:49,8.8.8.8,2,192.168.1.1,5.87
2025-11-27 20:11:15,8.8.8.8,5,176.52.253.97,20.17
2025-11-27 20:11:30,8.8.8.8,7,108.170.225.251,15.88
2025-11-27 20:11:32,8.8.8.8,8,142.250.46.165,17.21
2025-11-27 20:11:34,8.8.8.8,9,8.8.8.8,15.76
2025-11-27 20:16:36,8.8.8.8,1,192.168.68.1,6.33
2025-11-27 20:16:38,8.8.8.8,2,192.168.1.1,3.11
2025-11-27 20:17:04,8.8.8.8,5,176.52.253.97,16.04
2025-11-27 20:17:18,8.8.8.8,7,108.170.225.251,14.49
2025-11-27 20:17:20,8.8.8.8,8,142.250.46.165,14.87
2025-11-27 20:17:22,8.8.8.8,9,8.8.8.8,14.07
2025-11-27 20:22:24,8.8.8.8,1,192.168.68.1,3.35
2025-11-27 20:22:26,8.8.8.8,2,192.168.1.1,3.42
2025-11-27 20:22:52,8.8.8.8,5,176.52.253.97,52.03
2025-11-27 20:23:06,8.8.8.8,7,108.170.225.251,23.53
2025-11-27 20:23:08,8.8.8.8,8,142.250.46.165,17.39
2025-11-27 20:23:10,8.8.8.8,9,8.8.8.8,15.71
2025-11-27 20:28:12,8.8.8.8,1,192.168.68.1,3.59
2025-11-27 20:28:14,8.8.8.8,2,192.168.1.1,5.76
2025-11-27 20:28:41,8.8.8.8,5,176.52.253.97,15.81
2025-11-27 20:28:55,8.8.8.8,7,108.170.225.251,15.15
2025-11-27 20:28:57,8.8.8.8,8,142.250.46.165,19.36
2025-11-27 20:28:59,8.8.8.8,9,8.8.8.8,14.50
2025-11-27 20:34:01,8.8.8.8,1,192.168.68.1,5.32
2025-11-27 20:34:03,8.8.8.8,2,192.168.1.1,4.22
2025-11-27 20:34:29,8.8.8.8,5,176.52.253.97,18.71
2025-11-27 20:34:43,8.8.8.8,7,108.170.225.251,15.51
2025-11-27 20:34:45,8.8.8.8,8,142.250.46.165,16.66
2025-11-27 20:34:47,8.8.8.8,9,8.8.8.8,27.16
2025-11-27 20:39:49,8.8.8.8,1,192.168.68.1,17.23
2025-11-27 20:39:51,8.8.8.8,2,192.168.1.1,4.08
2025-11-27 20:40:17,8.8.8.8,5,176.52.253.97,14.10
2025-11-27 20:40:31,8.8.8.8,7,108.170.225.251,15.40
2025-11-27 20:40:33,8.8.8.8,8,142.250.46.165,15.89
2025-11-27 20:40:35,8.8.8.8,9,8.8.8.8,17.31
2025-11-27 20:45:37,8.8.8.8,1,192.168.68.1,5.66
2025-11-27 20:45:39,8.8.8.8,2,192.168.1.1,4.60
2025-11-27 20:46:06,8.8.8.8,5,176.52.253.97,15.70
2025-11-27 20:46:20,8.8.8.8,7,108.170.225.251,16.71
2025-11-27 20:46:22,8.8.8.8,8,142.250.46.165,35.55
2025-11-27 20:46:24,8.8.8.8,9,8.8.8.8,16.80
2025-11-27 20:51:26,8.8.8.8,1,192.168.68.1,130.26
2025-11-27 20:51:28,8.8.8.8,2,192.168.1.1,4.12
2025-11-27 20:51:54,8.8.8.8,5,176.52.253.97,13.46
2025-11-27 20:52:08,8.8.8.8,7,108.170.225.251,21.41
2025-11-27 20:52:10,8.8.8.8,8,142.250.46.165,15.74
2025-11-27 20:52:12,8.8.8.8,9,8.8.8.8,15.27
2025-11-27 20:57:14,8.8.8.8,1,192.168.68.1,4.98
2025-11-27 20:57:16,8.8.8.8,2,192.168.1.1,3.39
2025-11-27 20:57:42,8.8.8.8,5,176.52.253.97,13.79
2025-11-27 20:57:56,8.8.8.8,7,108.170.225.251,16.04
2025-11-27 20:57:58,8.8.8.8,8,142.250.46.165,14.88
2025-11-27 20:58:00,8.8.8.8,9,8.8.8.8,13.82
2025-11-27 21:03:02,8.8.8.8,1,192.168.68.1,22.64
2025-11-27 21:03:05,8.8.8.8,2,192.168.1.1,13.79
2025-11-27 21:03:31,8.8.8.8,5,176.52.253.97,25.66
2025-11-27 21:03:45,8.8.8.8,7,108.170.225.251,27.64
2025-11-27 21:03:47,8.8.8.8,8,142.250.46.165,102.58
2025-11-27 21:03:49,8.8.8.8,9,8.8.8.8,53.00
2025-11-27 21:08:51,8.8.8.8,1,192.168.68.1,15.70
2025-11-27 21:08:53,8.8.8.8,2,192.168.1.1,19.79
2025-11-27 21:09:19,8.8.8.8,5,176.52.253.97,26.98
2025-11-27 21:09:33,8.8.8.8,7,108.170.225.251,37.31
2025-11-27 21:09:36,8.8.8.8,8,142.250.46.165,24.47
2025-11-27 21:09:38,8.8.8.8,9,8.8.8.8,22.50
2025-11-27 21:14:40,8.8.8.8,1,192.168.68.1,20.53
2025-11-27 21:14:42,8.8.8.8,2,192.168.1.1,35.56
2025-11-27 21:15:08,8.8.8.8,5,176.52.253.97,15.31
2025-11-27 21:15:22,8.8.8.8,7,108.170.225.251,48.50
2025-11-27 21:15:24,8.8.8.8,8,142.250.46.165,21.15
2025-11-27 21:15:26,8.8.8.8,9,8.8.8.8,19.73
2025-11-27 21:20:28,8.8.8.8,1,192.168.68.1,35.23
2025-11-27 21:20:30,8.8.8.8,2,192.168.1.1,14.01
2025-11-27 21:20:56,8.8.8.8,5,176.52.253.97,40.48
2025-11-27 21:21:10,8.8.8.8,7,108.170.225.251,24.60
2025-11-27 21:21:12,8.8.8.8,8,142.250.46.165,20.09
2025-11-27 21:21:14,8.8.8.8,9,8.8.8.8,22.61
2025-11-27 21:26:16,8.8.8.8,1,192.168.68.1,31.64
2025-11-27 21:26:19,8.8.8.8,2,192.168.1.1,14.00
2025-11-27 21:26:45,8.8.8.8,5,176.52.253.97,29.43
2025-11-27 21:26:59,8.8.8.8,7,108.170.225.251,35.19
2025-11-27 21:27:01,8.8.8.8,8,142.250.46.165,29.68
2025-11-27 21:27:03,8.8.8.8,9,8.8.8.8,22.79
2025-11-27 21:32:05,8.8.8.8,1,192.168.68.1,32.03
2025-11-27 21:32:07,8.8.8.8,2,192.168.1.1,15.67
2025-11-27 21:32:33,8.8.8.8,5,176.52.253.97,26.78
2025-11-27 21:32:47,8.8.8.8,7,108.170.225.251,31.25
2025-11-27 21:32:49,8.8.8.8,8,142.250.46.165,23.72
2025-11-27 21:32:51,8.8.8.8,9,8.8.8.8,150.19
2025-11-27 21:37:53,8.8.8.8,1,192.168.68.1,3.88
2025-11-27 21:37:55,8.8.8.8,2,192.168.1.1,5.21
2025-11-27 21:38:22,8.8.8.8,5,176.52.253.97,15.81
2025-11-27 21:38:36,8.8.8.8,7,108.170.225.251,19.82
2025-11-27 21:38:38,8.8.8.8,8,142.250.46.165,18.47
2025-11-27 21:38:40,8.8.8.8,9,8.8.8.8,17.79
2025-11-27 21:43:42,8.8.8.8,1,192.168.68.1,4.88
2025-11-27 21:43:44,8.8.8.8,2,192.168.1.1,5.19
2025-11-27 21:44:10,8.8.8.8,5,176.52.253.97,15.99
2025-11-27 21:44:24,8.8.8.8,7,108.170.225.251,19.30
2025-11-27 21:44:26,8.8.8.8,8,142.250.46.165,15.12
2025-11-27 21:44:28,8.8.8.8,9,8.8.8.8,17.14
2025-11-27 21:49:30,8.8.8.8,1,192.168.68.1,7.28
2025-11-27 21:49:32,8.8.8.8,2,192.168.1.1,3.43
2025-11-27 21:49:58,8.8.8.8,5,176.52.253.97,18.90
2025-11-27 21:50:12,8.8.8.8,7,108.170.225.251,16.70
2025-11-27 21:50:14,8.8.8.8,8,142.250.46.165,16.75
2025-11-27 21:50:16,8.8.8.8,9,8.8.8.8,15.73
2025-11-27 21:55:18,8.8.8.8,1,192.168.68.1,5.59
2025-11-27 21:55:20,8.8.8.8,2,192.168.1.1,3.38
2025-11-27 21:55:47,8.8.8.8,5,176.52.253.97,15.91
2025-11-27 21:56:01,8.8.8.8,7,108.170.225.251,18.55
2025-11-27 21:56:03,8.8.8.8,8,142.250.46.165,19.25
2025-11-27 21:56:05,8.8.8.8,9,8.8.8.8,15.35
